id;Gemeente;Indicator;Waarde
3;Appingedam;Aantal inwoners 2015;12.011
3;Appingedam;Aantal inwoners 2020;11.642
3;Appingedam;Bevolkingsontwikkeling (%);-3,1
10;Delfzijl;Aantal inwoners 2015;25.409
10;Delfzijl;Aantal inwoners 2020;24.678
10;Delfzijl;Bevolkingsontwikkeling (%);-2,9
14;Groningen (gemeente);Aantal inwoners 2015;226.712
14;Groningen (gemeente);Aantal inwoners 2020;232.874
14;Groningen (gemeente);Bevolkingsontwikkeling (%);2,7
24;Loppersum;Aantal inwoners 2015;10.140
24;Loppersum;Aantal inwoners 2020;9.537
24;Loppersum;Bevolkingsontwikkeling (%);-5,9
34;Almere;Aantal inwoners 2015;196.932
34;Almere;Aantal inwoners 2020;211.893
34;Almere;Bevolkingsontwikkeling (%);7,6
37;Stadskanaal;Aantal inwoners 2015;32.610
37;Stadskanaal;Aantal inwoners 2020;31.686
37;Stadskanaal;Bevolkingsontwikkeling (%);-2,8
47;Veendam;Aantal inwoners 2015;27.695
47;Veendam;Aantal inwoners 2020;27.384
47;Veendam;Bevolkingsontwikkeling (%);-1,1
50;Zeewolde;Aantal inwoners 2015;21.894
50;Zeewolde;Aantal inwoners 2020;22.653
50;Zeewolde;Bevolkingsontwikkeling (%);3,5
59;Achtkarspelen;Aantal inwoners 2015;27.983
59;Achtkarspelen;Aantal inwoners 2020;27.843
59;Achtkarspelen;Bevolkingsontwikkeling (%);-0,5
60;Ameland;Aantal inwoners 2015;3.590
60;Ameland;Aantal inwoners 2020;3.716
60;Ameland;Bevolkingsontwikkeling (%);3,5
72;Harlingen;Aantal inwoners 2015;15.779
72;Harlingen;Aantal inwoners 2020;15.722
72;Harlingen;Bevolkingsontwikkeling (%);-0,4
74;Heerenveen;Aantal inwoners 2015;50.141
74;Heerenveen;Aantal inwoners 2020;50.493
74;Heerenveen;Bevolkingsontwikkeling (%);0,7
80;Leeuwarden;Aantal inwoners 2015;121.393
80;Leeuwarden;Aantal inwoners 2020;124.084
80;Leeuwarden;Bevolkingsontwikkeling (%);2,2
85;Ooststellingwerf;Aantal inwoners 2015;25.617
85;Ooststellingwerf;Aantal inwoners 2020;25.469
85;Ooststellingwerf;Bevolkingsontwikkeling (%);-0,6
86;Opsterland;Aantal inwoners 2015;29.859
86;Opsterland;Aantal inwoners 2020;29.733
86;Opsterland;Bevolkingsontwikkeling (%);-0,4
88;Schiermonnikoog;Aantal inwoners 2015;926
88;Schiermonnikoog;Aantal inwoners 2020;947
88;Schiermonnikoog;Bevolkingsontwikkeling (%);2,3
90;Smallingerland;Aantal inwoners 2015;55.635
90;Smallingerland;Aantal inwoners 2020;56.150
90;Smallingerland;Bevolkingsontwikkeling (%);0,9
93;Terschelling;Aantal inwoners 2015;4.827
93;Terschelling;Aantal inwoners 2020;4.888
93;Terschelling;Bevolkingsontwikkeling (%);1,3
96;Vlieland;Aantal inwoners 2015;1.103
96;Vlieland;Aantal inwoners 2020;1.155
96;Vlieland;Bevolkingsontwikkeling (%);4,7
98;Weststellingwerf;Aantal inwoners 2015;25.525
98;Weststellingwerf;Aantal inwoners 2020;25.914
98;Weststellingwerf;Bevolkingsontwikkeling (%);1,5
106;Assen;Aantal inwoners 2015;67.165
106;Assen;Aantal inwoners 2020;68.599
106;Assen;Bevolkingsontwikkeling (%);2,1
109;Coevorden;Aantal inwoners 2015;35.535
109;Coevorden;Aantal inwoners 2020;35.297
109;Coevorden;Bevolkingsontwikkeling (%);-0,7
114;Emmen;Aantal inwoners 2015;107.775
114;Emmen;Aantal inwoners 2020;107.048
114;Emmen;Bevolkingsontwikkeling (%);-0,7
118;Hoogeveen;Aantal inwoners 2015;54.860
118;Hoogeveen;Aantal inwoners 2020;55.699
118;Hoogeveen;Bevolkingsontwikkeling (%);1,5
119;Meppel;Aantal inwoners 2015;32.799
119;Meppel;Aantal inwoners 2020;33.920
119;Meppel;Bevolkingsontwikkeling (%);3,4
141;Almelo;Aantal inwoners 2015;72.291
141;Almelo;Aantal inwoners 2020;73.107
141;Almelo;Bevolkingsontwikkeling (%);1,1
147;Borne;Aantal inwoners 2015;21.992
147;Borne;Aantal inwoners 2020;23.312
147;Borne;Bevolkingsontwikkeling (%);6,0
148;Dalfsen;Aantal inwoners 2015;27.677
148;Dalfsen;Aantal inwoners 2020;28.587
148;Dalfsen;Bevolkingsontwikkeling (%);3,3
150;Deventer;Aantal inwoners 2015;98.540
150;Deventer;Aantal inwoners 2020;100.719
150;Deventer;Bevolkingsontwikkeling (%);2,2
153;Enschede;Aantal inwoners 2015;158.553
153;Enschede;Aantal inwoners 2020;159.640
153;Enschede;Bevolkingsontwikkeling (%);0,7
158;Haaksbergen;Aantal inwoners 2015;24.307
158;Haaksbergen;Aantal inwoners 2020;24.311
158;Haaksbergen;Bevolkingsontwikkeling (%);0,0
160;Hardenberg;Aantal inwoners 2015;59.577
160;Hardenberg;Aantal inwoners 2020;60.948
160;Hardenberg;Bevolkingsontwikkeling (%);2,3
163;Hellendoorn;Aantal inwoners 2015;35.622
163;Hellendoorn;Aantal inwoners 2020;35.916
163;Hellendoorn;Bevolkingsontwikkeling (%);0,8
164;Hengelo (O.);Aantal inwoners 2015;81.059
164;Hengelo (O.);Aantal inwoners 2020;81.140
164;Hengelo (O.);Bevolkingsontwikkeling (%);0,1
166;Kampen;Aantal inwoners 2015;51.432
166;Kampen;Aantal inwoners 2020;54.319
166;Kampen;Bevolkingsontwikkeling (%);5,6
168;Losser;Aantal inwoners 2015;22.467
168;Losser;Aantal inwoners 2020;22.683
168;Losser;Bevolkingsontwikkeling (%);1,0
171;Noordoostpolder;Aantal inwoners 2015;46.479
171;Noordoostpolder;Aantal inwoners 2020;47.291
171;Noordoostpolder;Bevolkingsontwikkeling (%);1,7
173;Oldenzaal;Aantal inwoners 2015;32.120
173;Oldenzaal;Aantal inwoners 2020;31.836
173;Oldenzaal;Bevolkingsontwikkeling (%);-0,9
175;Ommen;Aantal inwoners 2015;17.341
175;Ommen;Aantal inwoners 2020;18.009
175;Ommen;Bevolkingsontwikkeling (%);3,9
177;Raalte;Aantal inwoners 2015;36.603
177;Raalte;Aantal inwoners 2020;37.712
177;Raalte;Bevolkingsontwikkeling (%);3,0
180;Staphorst;Aantal inwoners 2015;16.421
180;Staphorst;Aantal inwoners 2020;17.145
180;Staphorst;Bevolkingsontwikkeling (%);4,4
183;Tubbergen;Aantal inwoners 2015;21.142
183;Tubbergen;Aantal inwoners 2020;21.275
183;Tubbergen;Bevolkingsontwikkeling (%);0,6
184;Urk;Aantal inwoners 2015;19.705
184;Urk;Aantal inwoners 2020;21.031
184;Urk;Bevolkingsontwikkeling (%);6,7
189;Wierden;Aantal inwoners 2015;23.874
189;Wierden;Aantal inwoners 2020;24.446
189;Wierden;Bevolkingsontwikkeling (%);2,4
193;Zwolle;Aantal inwoners 2015;123.861
193;Zwolle;Aantal inwoners 2020;128.840
193;Zwolle;Bevolkingsontwikkeling (%);4,0
197;Aalten;Aantal inwoners 2015;26.904
197;Aalten;Aantal inwoners 2020;27.121
197;Aalten;Bevolkingsontwikkeling (%);0,8
200;Apeldoorn;Aantal inwoners 2015;158.099
200;Apeldoorn;Aantal inwoners 2020;163.818
200;Apeldoorn;Bevolkingsontwikkeling (%);3,6
202;Arnhem;Aantal inwoners 2015;152.293
202;Arnhem;Aantal inwoners 2020;161.348
202;Arnhem;Bevolkingsontwikkeling (%);5,9
203;Barneveld;Aantal inwoners 2015;54.703
203;Barneveld;Aantal inwoners 2020;59.082
203;Barneveld;Bevolkingsontwikkeling (%);8,0
209;Beuningen;Aantal inwoners 2015;25.282
209;Beuningen;Aantal inwoners 2020;25.890
209;Beuningen;Bevolkingsontwikkeling (%);2,4
213;Brummen;Aantal inwoners 2015;20.983
213;Brummen;Aantal inwoners 2020;20.726
213;Brummen;Bevolkingsontwikkeling (%);-1,2
214;Buren;Aantal inwoners 2015;26.117
214;Buren;Aantal inwoners 2020;26.749
214;Buren;Bevolkingsontwikkeling (%);2,4
216;Culemborg;Aantal inwoners 2015;27.560
216;Culemborg;Aantal inwoners 2020;28.955
216;Culemborg;Bevolkingsontwikkeling (%);5,1
221;Doesburg;Aantal inwoners 2015;11.355
221;Doesburg;Aantal inwoners 2020;11.077
221;Doesburg;Bevolkingsontwikkeling (%);-2,4
222;Doetinchem;Aantal inwoners 2015;56.484
222;Doetinchem;Aantal inwoners 2020;58.001
222;Doetinchem;Bevolkingsontwikkeling (%);2,7
225;Druten;Aantal inwoners 2015;18.294
225;Druten;Aantal inwoners 2020;18.926
225;Druten;Bevolkingsontwikkeling (%);3,5
226;Duiven;Aantal inwoners 2015;25.548
226;Duiven;Aantal inwoners 2020;25.126
226;Duiven;Bevolkingsontwikkeling (%);-1,7
228;Ede;Aantal inwoners 2015;111.575
228;Ede;Aantal inwoners 2020;117.165
228;Ede;Bevolkingsontwikkeling (%);5,0
230;Elburg;Aantal inwoners 2015;22.843
230;Elburg;Aantal inwoners 2020;23.161
230;Elburg;Bevolkingsontwikkeling (%);1,4
232;Epe;Aantal inwoners 2015;32.214
232;Epe;Aantal inwoners 2020;33.178
232;Epe;Bevolkingsontwikkeling (%);3,0
233;Ermelo;Aantal inwoners 2015;26.190
233;Ermelo;Aantal inwoners 2020;27.008
233;Ermelo;Bevolkingsontwikkeling (%);3,1
243;Harderwijk;Aantal inwoners 2015;45.776
243;Harderwijk;Aantal inwoners 2020;48.414
243;Harderwijk;Bevolkingsontwikkeling (%);5,8
244;Hattem;Aantal inwoners 2015;11.821
244;Hattem;Aantal inwoners 2020;12.209
244;Hattem;Bevolkingsontwikkeling (%);3,3
246;Heerde;Aantal inwoners 2015;18.512
246;Heerde;Aantal inwoners 2020;18.589
246;Heerde;Bevolkingsontwikkeling (%);0,4
252;Heumen;Aantal inwoners 2015;16.383
252;Heumen;Aantal inwoners 2020;16.454
252;Heumen;Bevolkingsontwikkeling (%);0,4
262;Lochem;Aantal inwoners 2015;33.244
262;Lochem;Aantal inwoners 2020;33.729
262;Lochem;Bevolkingsontwikkeling (%);1,5
263;Maasdriel;Aantal inwoners 2015;24.185
263;Maasdriel;Aantal inwoners 2020;25.030
263;Maasdriel;Bevolkingsontwikkeling (%);3,5
267;Nijkerk;Aantal inwoners 2015;40.870
267;Nijkerk;Aantal inwoners 2020;43.171
267;Nijkerk;Bevolkingsontwikkeling (%);5,6
268;Nijmegen;Aantal inwoners 2015;170.681
268;Nijmegen;Aantal inwoners 2020;177.659
268;Nijmegen;Bevolkingsontwikkeling (%);4,1
269;Oldebroek;Aantal inwoners 2015;23.001
269;Oldebroek;Aantal inwoners 2020;23.646
269;Oldebroek;Bevolkingsontwikkeling (%);2,8
273;Putten;Aantal inwoners 2015;24.377
273;Putten;Aantal inwoners 2020;24.112
273;Putten;Bevolkingsontwikkeling (%);-1,1
274;Renkum;Aantal inwoners 2015;31.408
274;Renkum;Aantal inwoners 2020;31.419
274;Renkum;Bevolkingsontwikkeling (%);0,0
275;Rheden;Aantal inwoners 2015;43.625
275;Rheden;Aantal inwoners 2020;43.761
275;Rheden;Bevolkingsontwikkeling (%);0,3
277;Rozendaal;Aantal inwoners 2015;1.509
277;Rozendaal;Aantal inwoners 2020;1.704
277;Rozendaal;Bevolkingsontwikkeling (%);12,9
279;Scherpenzeel;Aantal inwoners 2015;9.522
279;Scherpenzeel;Aantal inwoners 2020;9.880
279;Scherpenzeel;Bevolkingsontwikkeling (%);3,8
281;Tiel;Aantal inwoners 2015;41.590
281;Tiel;Aantal inwoners 2020;42.159
281;Tiel;Bevolkingsontwikkeling (%);1,4
285;Voorst;Aantal inwoners 2015;23.913
285;Voorst;Aantal inwoners 2020;24.552
285;Voorst;Bevolkingsontwikkeling (%);2,7
289;Wageningen;Aantal inwoners 2015;37.786
289;Wageningen;Aantal inwoners 2020;39.664
289;Wageningen;Bevolkingsontwikkeling (%);5,0
293;Westervoort;Aantal inwoners 2015;14.992
293;Westervoort;Aantal inwoners 2020;14.971
293;Westervoort;Bevolkingsontwikkeling (%);-0,1
294;Winterswijk;Aantal inwoners 2015;28.977
294;Winterswijk;Aantal inwoners 2020;28.854
294;Winterswijk;Bevolkingsontwikkeling (%);-0,4
296;Wijchen;Aantal inwoners 2015;40.886
296;Wijchen;Aantal inwoners 2020;41.110
296;Wijchen;Bevolkingsontwikkeling (%);0,5
297;Zaltbommel;Aantal inwoners 2015;27.358
297;Zaltbommel;Aantal inwoners 2020;28.881
297;Zaltbommel;Bevolkingsontwikkeling (%);5,6
299;Zevenaar;Aantal inwoners 2015;43.177
299;Zevenaar;Aantal inwoners 2020;43.750
299;Zevenaar;Bevolkingsontwikkeling (%);1,3
301;Zutphen;Aantal inwoners 2015;46.849
301;Zutphen;Aantal inwoners 2020;47.934
301;Zutphen;Bevolkingsontwikkeling (%);2,3
302;Nunspeet;Aantal inwoners 2015;26.744
302;Nunspeet;Aantal inwoners 2020;27.851
302;Nunspeet;Bevolkingsontwikkeling (%);4,1
303;Dronten;Aantal inwoners 2015;40.363
303;Dronten;Aantal inwoners 2020;41.555
303;Dronten;Bevolkingsontwikkeling (%);3,0
307;Amersfoort;Aantal inwoners 2015;152.481
307;Amersfoort;Aantal inwoners 2020;157.276
307;Amersfoort;Bevolkingsontwikkeling (%);3,1
308;Baarn;Aantal inwoners 2015;24.406
308;Baarn;Aantal inwoners 2020;24.868
308;Baarn;Bevolkingsontwikkeling (%);1,9
310;De Bilt;Aantal inwoners 2015;42.169
310;De Bilt;Aantal inwoners 2020;43.137
310;De Bilt;Bevolkingsontwikkeling (%);2,3
312;Bunnik;Aantal inwoners 2015;14.662
312;Bunnik;Aantal inwoners 2020;15.191
312;Bunnik;Bevolkingsontwikkeling (%);3,6
313;Bunschoten;Aantal inwoners 2015;20.647
313;Bunschoten;Aantal inwoners 2020;21.866
313;Bunschoten;Bevolkingsontwikkeling (%);5,9
317;Eemnes;Aantal inwoners 2015;8.807
317;Eemnes;Aantal inwoners 2020;9.247
317;Eemnes;Bevolkingsontwikkeling (%);5,0
321;Houten;Aantal inwoners 2015;48.637
321;Houten;Aantal inwoners 2020;50.146
321;Houten;Bevolkingsontwikkeling (%);3,1
327;Leusden;Aantal inwoners 2015;29.062
327;Leusden;Aantal inwoners 2020;30.401
327;Leusden;Bevolkingsontwikkeling (%);4,6
331;Lopik;Aantal inwoners 2015;14.099
331;Lopik;Aantal inwoners 2020;14.467
331;Lopik;Bevolkingsontwikkeling (%);2,6
335;Montfoort;Aantal inwoners 2015;13.672
335;Montfoort;Aantal inwoners 2020;13.917
335;Montfoort;Bevolkingsontwikkeling (%);1,8
339;Renswoude;Aantal inwoners 2015;4.976
339;Renswoude;Aantal inwoners 2020;5.444
339;Renswoude;Bevolkingsontwikkeling (%);9,4
340;Rhenen;Aantal inwoners 2015;19.308
340;Rhenen;Aantal inwoners 2020;20.119
340;Rhenen;Bevolkingsontwikkeling (%);4,2
342;Soest;Aantal inwoners 2015;45.454
342;Soest;Aantal inwoners 2020;46.606
342;Soest;Bevolkingsontwikkeling (%);2,5
344;Utrecht (gemeente);Aantal inwoners 2015;334.176
344;Utrecht (gemeente);Aantal inwoners 2020;357.597
344;Utrecht (gemeente);Bevolkingsontwikkeling (%);7,0
345;Veenendaal;Aantal inwoners 2015;63.440
345;Veenendaal;Aantal inwoners 2020;66.493
345;Veenendaal;Bevolkingsontwikkeling (%);4,8
351;Woudenberg;Aantal inwoners 2015;12.487
351;Woudenberg;Aantal inwoners 2020;13.362
351;Woudenberg;Bevolkingsontwikkeling (%);7,0
352;Wijk bij Duurstede;Aantal inwoners 2015;23.222
352;Wijk bij Duurstede;Aantal inwoners 2020;23.914
352;Wijk bij Duurstede;Bevolkingsontwikkeling (%);3,0
353;IJsselstein;Aantal inwoners 2015;34.061
353;IJsselstein;Aantal inwoners 2020;34.109
353;IJsselstein;Bevolkingsontwikkeling (%);0,1
355;Zeist;Aantal inwoners 2015;61.641
355;Zeist;Aantal inwoners 2020;64.905
355;Zeist;Bevolkingsontwikkeling (%);5,3
356;Nieuwegein;Aantal inwoners 2015;61.264
356;Nieuwegein;Aantal inwoners 2020;63.462
356;Nieuwegein;Bevolkingsontwikkeling (%);3,6
358;Aalsmeer;Aantal inwoners 2015;31.077
358;Aalsmeer;Aantal inwoners 2020;31.859
358;Aalsmeer;Bevolkingsontwikkeling (%);2,5
361;Alkmaar;Aantal inwoners 2015;107.106
361;Alkmaar;Aantal inwoners 2020;109.436
361;Alkmaar;Bevolkingsontwikkeling (%);2,2
362;Amstelveen;Aantal inwoners 2015;87.162
362;Amstelveen;Aantal inwoners 2020;91.675
362;Amstelveen;Bevolkingsontwikkeling (%);5,2
363;Amsterdam;Aantal inwoners 2015;821.752
363;Amsterdam;Aantal inwoners 2020;872.757
363;Amsterdam;Bevolkingsontwikkeling (%);6,2
370;Beemster;Aantal inwoners 2015;8.903
370;Beemster;Aantal inwoners 2020;10.022
370;Beemster;Bevolkingsontwikkeling (%);12,6
373;Bergen (NH.);Aantal inwoners 2015;30.005
373;Bergen (NH.);Aantal inwoners 2020;29.839
373;Bergen (NH.);Bevolkingsontwikkeling (%);-0,6
375;Beverwijk;Aantal inwoners 2015;40.182
375;Beverwijk;Aantal inwoners 2020;41.626
375;Beverwijk;Bevolkingsontwikkeling (%);3,6
376;Blaricum;Aantal inwoners 2015;9.312
376;Blaricum;Aantal inwoners 2020;11.540
376;Blaricum;Bevolkingsontwikkeling (%);23,9
377;Bloemendaal;Aantal inwoners 2015;22.256
377;Bloemendaal;Aantal inwoners 2020;23.571
377;Bloemendaal;Bevolkingsontwikkeling (%);5,9
383;Castricum;Aantal inwoners 2015;34.361
383;Castricum;Aantal inwoners 2020;35.986
383;Castricum;Bevolkingsontwikkeling (%);4,7
384;Diemen;Aantal inwoners 2015;26.666
384;Diemen;Aantal inwoners 2020;30.780
384;Diemen;Bevolkingsontwikkeling (%);15,4
385;Edam-Volendam;Aantal inwoners 2015;35.393
385;Edam-Volendam;Aantal inwoners 2020;36.197
385;Edam-Volendam;Bevolkingsontwikkeling (%);2,3
388;Enkhuizen;Aantal inwoners 2015;18.345
388;Enkhuizen;Aantal inwoners 2020;18.591
388;Enkhuizen;Bevolkingsontwikkeling (%);1,3
392;Haarlem;Aantal inwoners 2015;156.645
392;Haarlem;Aantal inwoners 2020;162.902
392;Haarlem;Bevolkingsontwikkeling (%);4,0
394;Haarlemmermeer;Aantal inwoners 2015;149.726
394;Haarlemmermeer;Aantal inwoners 2020;156.002
394;Haarlemmermeer;Bevolkingsontwikkeling (%);4,2
396;Heemskerk;Aantal inwoners 2015;39.138
396;Heemskerk;Aantal inwoners 2020;39.182
396;Heemskerk;Bevolkingsontwikkeling (%);0,1
397;Heemstede;Aantal inwoners 2015;26.480
397;Heemstede;Aantal inwoners 2020;27.234
397;Heemstede;Bevolkingsontwikkeling (%);2,8
398;Heerhugowaard;Aantal inwoners 2015;53.554
398;Heerhugowaard;Aantal inwoners 2020;57.587
398;Heerhugowaard;Bevolkingsontwikkeling (%);7,5
399;Heiloo;Aantal inwoners 2015;22.553
399;Heiloo;Aantal inwoners 2020;23.968
399;Heiloo;Bevolkingsontwikkeling (%);6,3
400;Den Helder;Aantal inwoners 2015;56.483
400;Den Helder;Aantal inwoners 2020;56.296
400;Den Helder;Bevolkingsontwikkeling (%);-0,3
402;Hilversum;Aantal inwoners 2015;87.161
402;Hilversum;Aantal inwoners 2020;90.831
402;Hilversum;Bevolkingsontwikkeling (%);4,2
405;Hoorn;Aantal inwoners 2015;71.880
405;Hoorn;Aantal inwoners 2020;73.261
405;Hoorn;Bevolkingsontwikkeling (%);1,9
406;Huizen;Aantal inwoners 2015;41.315
406;Huizen;Aantal inwoners 2020;41.273
406;Huizen;Bevolkingsontwikkeling (%);-0,1
415;Landsmeer;Aantal inwoners 2015;10.823
415;Landsmeer;Aantal inwoners 2020;11.491
415;Landsmeer;Bevolkingsontwikkeling (%);6,2
416;Langedijk;Aantal inwoners 2015;27.287
416;Langedijk;Aantal inwoners 2020;28.163
416;Langedijk;Bevolkingsontwikkeling (%);3,2
417;Laren (NH.);Aantal inwoners 2015;10.857
417;Laren (NH.);Aantal inwoners 2020;11.280
417;Laren (NH.);Bevolkingsontwikkeling (%);3,9
420;Medemblik;Aantal inwoners 2015;43.604
420;Medemblik;Aantal inwoners 2020;45.101
420;Medemblik;Bevolkingsontwikkeling (%);3,4
431;Oostzaan;Aantal inwoners 2015;9.187
431;Oostzaan;Aantal inwoners 2020;9.735
431;Oostzaan;Bevolkingsontwikkeling (%);6,0
432;Opmeer;Aantal inwoners 2015;11.301
432;Opmeer;Aantal inwoners 2020;11.836
432;Opmeer;Bevolkingsontwikkeling (%);4,7
437;Ouder-Amstel;Aantal inwoners 2015;13.289
437;Ouder-Amstel;Aantal inwoners 2020;14.026
437;Ouder-Amstel;Bevolkingsontwikkeling (%);5,5
439;Purmerend;Aantal inwoners 2015;79.611
439;Purmerend;Aantal inwoners 2020;81.249
439;Purmerend;Bevolkingsontwikkeling (%);2,1
441;Schagen;Aantal inwoners 2015;46.137
441;Schagen;Aantal inwoners 2020;46.483
441;Schagen;Bevolkingsontwikkeling (%);0,7
448;Texel;Aantal inwoners 2015;13.581
448;Texel;Aantal inwoners 2020;13.575
448;Texel;Bevolkingsontwikkeling (%);0,0
450;Uitgeest;Aantal inwoners 2015;13.291
450;Uitgeest;Aantal inwoners 2020;13.666
450;Uitgeest;Bevolkingsontwikkeling (%);2,8
451;Uithoorn;Aantal inwoners 2015;28.731
451;Uithoorn;Aantal inwoners 2020;29.478
451;Uithoorn;Bevolkingsontwikkeling (%);2,6
453;Velsen;Aantal inwoners 2015;67.166
453;Velsen;Aantal inwoners 2020;68.648
453;Velsen;Bevolkingsontwikkeling (%);2,2
457;Weesp;Aantal inwoners 2015;18.348
457;Weesp;Aantal inwoners 2020;19.738
457;Weesp;Bevolkingsontwikkeling (%);7,6
473;Zandvoort;Aantal inwoners 2015;16.692
473;Zandvoort;Aantal inwoners 2020;17.116
473;Zandvoort;Bevolkingsontwikkeling (%);2,5
479;Zaanstad;Aantal inwoners 2015;151.418
479;Zaanstad;Aantal inwoners 2020;156.794
479;Zaanstad;Bevolkingsontwikkeling (%);3,6
482;Alblasserdam;Aantal inwoners 2015;19.845
482;Alblasserdam;Aantal inwoners 2020;20.165
482;Alblasserdam;Bevolkingsontwikkeling (%);1,6
484;Alphen aan den Rijn;Aantal inwoners 2015;107.396
484;Alphen aan den Rijn;Aantal inwoners 2020;111.897
484;Alphen aan den Rijn;Bevolkingsontwikkeling (%);4,2
489;Barendrecht;Aantal inwoners 2015;47.521
489;Barendrecht;Aantal inwoners 2020;48.714
489;Barendrecht;Bevolkingsontwikkeling (%);2,5
498;Drechterland;Aantal inwoners 2015;19.294
498;Drechterland;Aantal inwoners 2020;19.719
498;Drechterland;Bevolkingsontwikkeling (%);2,2
501;Brielle;Aantal inwoners 2015;16.467
501;Brielle;Aantal inwoners 2020;17.271
501;Brielle;Bevolkingsontwikkeling (%);4,9
502;Capelle aan den IJssel;Aantal inwoners 2015;66.478
502;Capelle aan den IJssel;Aantal inwoners 2020;67.122
502;Capelle aan den IJssel;Bevolkingsontwikkeling (%);1,0
503;Delft;Aantal inwoners 2015;101.030
503;Delft;Aantal inwoners 2020;103.595
503;Delft;Bevolkingsontwikkeling (%);2,5
505;Dordrecht;Aantal inwoners 2015;118.899
505;Dordrecht;Aantal inwoners 2020;119.284
505;Dordrecht;Bevolkingsontwikkeling (%);0,3
512;Gorinchem;Aantal inwoners 2015;35.338
512;Gorinchem;Aantal inwoners 2020;37.022
512;Gorinchem;Bevolkingsontwikkeling (%);4,8
513;Gouda;Aantal inwoners 2015;71.105
513;Gouda;Aantal inwoners 2020;73.427
513;Gouda;Bevolkingsontwikkeling (%);3,3
518;'s-Gravenhage (gemeente);Aantal inwoners 2015;514.861
518;'s-Gravenhage (gemeente);Aantal inwoners 2020;545.838
518;'s-Gravenhage (gemeente);Bevolkingsontwikkeling (%);6,0
523;Hardinxveld-Giessendam;Aantal inwoners 2015;17.802
523;Hardinxveld-Giessendam;Aantal inwoners 2020;18.295
523;Hardinxveld-Giessendam;Bevolkingsontwikkeling (%);2,8
530;Hellevoetsluis;Aantal inwoners 2015;38.882
530;Hellevoetsluis;Aantal inwoners 2020;40.142
530;Hellevoetsluis;Bevolkingsontwikkeling (%);3,2
531;Hendrik-Ido-Ambacht;Aantal inwoners 2015;29.156
531;Hendrik-Ido-Ambacht;Aantal inwoners 2020;31.202
531;Hendrik-Ido-Ambacht;Bevolkingsontwikkeling (%);7,0
532;Stede Broec;Aantal inwoners 2015;21.498
532;Stede Broec;Aantal inwoners 2020;21.726
532;Stede Broec;Bevolkingsontwikkeling (%);1,1
534;Hillegom;Aantal inwoners 2015;21.101
534;Hillegom;Aantal inwoners 2020;22.209
534;Hillegom;Bevolkingsontwikkeling (%);5,3
537;Katwijk;Aantal inwoners 2015;63.633
537;Katwijk;Aantal inwoners 2020;65.753
537;Katwijk;Bevolkingsontwikkeling (%);3,3
542;Krimpen aan den IJssel;Aantal inwoners 2015;28.970
542;Krimpen aan den IJssel;Aantal inwoners 2020;29.526
542;Krimpen aan den IJssel;Bevolkingsontwikkeling (%);1,9
546;Leiden;Aantal inwoners 2015;121.562
546;Leiden;Aantal inwoners 2020;125.099
546;Leiden;Bevolkingsontwikkeling (%);2,9
547;Leiderdorp;Aantal inwoners 2015;26.853
547;Leiderdorp;Aantal inwoners 2020;27.056
547;Leiderdorp;Bevolkingsontwikkeling (%);0,8
553;Lisse;Aantal inwoners 2015;22.539
553;Lisse;Aantal inwoners 2020;22.955
553;Lisse;Bevolkingsontwikkeling (%);1,8
556;Maassluis;Aantal inwoners 2015;32.201
556;Maassluis;Aantal inwoners 2020;33.213
556;Maassluis;Bevolkingsontwikkeling (%);3,1
569;Nieuwkoop;Aantal inwoners 2015;27.114
569;Nieuwkoop;Aantal inwoners 2020;28.811
569;Nieuwkoop;Bevolkingsontwikkeling (%);6,3
575;Noordwijk;Aantal inwoners 2015;41.667
575;Noordwijk;Aantal inwoners 2020;43.508
575;Noordwijk;Bevolkingsontwikkeling (%);4,4
579;Oegstgeest;Aantal inwoners 2015;22.997
579;Oegstgeest;Aantal inwoners 2020;24.840
579;Oegstgeest;Bevolkingsontwikkeling (%);8,0
589;Oudewater;Aantal inwoners 2015;9.924
589;Oudewater;Aantal inwoners 2020;10.230
589;Oudewater;Bevolkingsontwikkeling (%);3,1
590;Papendrecht;Aantal inwoners 2015;32.188
590;Papendrecht;Aantal inwoners 2020;32.136
590;Papendrecht;Bevolkingsontwikkeling (%);-0,2
597;Ridderkerk;Aantal inwoners 2015;45.149
597;Ridderkerk;Aantal inwoners 2020;46.189
597;Ridderkerk;Bevolkingsontwikkeling (%);2,3
599;Rotterdam;Aantal inwoners 2015;623.652
599;Rotterdam;Aantal inwoners 2020;651.157
599;Rotterdam;Bevolkingsontwikkeling (%);4,4
603;Rijswijk (ZH.);Aantal inwoners 2015;48.216
603;Rijswijk (ZH.);Aantal inwoners 2020;54.450
603;Rijswijk (ZH.);Bevolkingsontwikkeling (%);12,9
606;Schiedam;Aantal inwoners 2015;76.869
606;Schiedam;Aantal inwoners 2020;78.730
606;Schiedam;Bevolkingsontwikkeling (%);2,4
610;Sliedrecht;Aantal inwoners 2015;24.758
610;Sliedrecht;Aantal inwoners 2020;25.220
610;Sliedrecht;Bevolkingsontwikkeling (%);1,9
613;Albrandswaard;Aantal inwoners 2015;25.148
613;Albrandswaard;Aantal inwoners 2020;25.590
613;Albrandswaard;Bevolkingsontwikkeling (%);1,8
614;Westvoorne;Aantal inwoners 2015;14.083
614;Westvoorne;Aantal inwoners 2020;14.731
614;Westvoorne;Bevolkingsontwikkeling (%);4,6
622;Vlaardingen;Aantal inwoners 2015;71.645
622;Vlaardingen;Aantal inwoners 2020;73.397
622;Vlaardingen;Bevolkingsontwikkeling (%);2,4
626;Voorschoten;Aantal inwoners 2015;25.150
626;Voorschoten;Aantal inwoners 2020;25.596
626;Voorschoten;Bevolkingsontwikkeling (%);1,8
627;Waddinxveen;Aantal inwoners 2015;25.657
627;Waddinxveen;Aantal inwoners 2020;29.291
627;Waddinxveen;Bevolkingsontwikkeling (%);14,2
629;Wassenaar;Aantal inwoners 2015;25.731
629;Wassenaar;Aantal inwoners 2020;26.305
629;Wassenaar;Bevolkingsontwikkeling (%);2,2
632;Woerden;Aantal inwoners 2015;50.631
632;Woerden;Aantal inwoners 2020;52.299
632;Woerden;Bevolkingsontwikkeling (%);3,3
637;Zoetermeer;Aantal inwoners 2015;124.025
637;Zoetermeer;Aantal inwoners 2020;125.285
637;Zoetermeer;Bevolkingsontwikkeling (%);1,0
638;Zoeterwoude;Aantal inwoners 2015;8.114
638;Zoeterwoude;Aantal inwoners 2020;8.605
638;Zoeterwoude;Bevolkingsontwikkeling (%);6,1
642;Zwijndrecht;Aantal inwoners 2015;44.501
642;Zwijndrecht;Aantal inwoners 2020;44.737
642;Zwijndrecht;Bevolkingsontwikkeling (%);0,5
654;Borsele;Aantal inwoners 2015;22.568
654;Borsele;Aantal inwoners 2020;22.739
654;Borsele;Bevolkingsontwikkeling (%);0,8
664;Goes;Aantal inwoners 2015;37.153
664;Goes;Aantal inwoners 2020;38.082
664;Goes;Bevolkingsontwikkeling (%);2,5
668;West Maas en Waal;Aantal inwoners 2015;18.570
668;West Maas en Waal;Aantal inwoners 2020;19.324
668;West Maas en Waal;Bevolkingsontwikkeling (%);4,1
677;Hulst;Aantal inwoners 2015;27.360
677;Hulst;Aantal inwoners 2020;27.556
677;Hulst;Bevolkingsontwikkeling (%);0,7
678;Kapelle;Aantal inwoners 2015;12.545
678;Kapelle;Aantal inwoners 2020;12.695
678;Kapelle;Bevolkingsontwikkeling (%);1,2
687;Middelburg (Z.);Aantal inwoners 2015;47.613
687;Middelburg (Z.);Aantal inwoners 2020;48.822
687;Middelburg (Z.);Bevolkingsontwikkeling (%);2,5
703;Reimerswaal;Aantal inwoners 2015;22.058
703;Reimerswaal;Aantal inwoners 2020;22.730
703;Reimerswaal;Bevolkingsontwikkeling (%);3,0
715;Terneuzen;Aantal inwoners 2015;54.577
715;Terneuzen;Aantal inwoners 2020;54.426
715;Terneuzen;Bevolkingsontwikkeling (%);-0,3
716;Tholen;Aantal inwoners 2015;25.440
716;Tholen;Aantal inwoners 2020;25.757
716;Tholen;Bevolkingsontwikkeling (%);1,2
717;Veere;Aantal inwoners 2015;21.926
717;Veere;Aantal inwoners 2020;21.880
717;Veere;Bevolkingsontwikkeling (%);-0,2
718;Vlissingen;Aantal inwoners 2015;44.485
718;Vlissingen;Aantal inwoners 2020;44.360
718;Vlissingen;Bevolkingsontwikkeling (%);-0,3
736;De Ronde Venen;Aantal inwoners 2015;42.588
736;De Ronde Venen;Aantal inwoners 2020;44.456
736;De Ronde Venen;Bevolkingsontwikkeling (%);4,4
737;Tytsjerksteradiel;Aantal inwoners 2015;31.957
737;Tytsjerksteradiel;Aantal inwoners 2020;32.052
737;Tytsjerksteradiel;Bevolkingsontwikkeling (%);0,3
743;Asten;Aantal inwoners 2015;16.559
743;Asten;Aantal inwoners 2020;16.721
743;Asten;Bevolkingsontwikkeling (%);1,0
744;Baarle-Nassau;Aantal inwoners 2015;6.599
744;Baarle-Nassau;Aantal inwoners 2020;6.859
744;Baarle-Nassau;Bevolkingsontwikkeling (%);3,9
748;Bergen op Zoom;Aantal inwoners 2015;66.320
748;Bergen op Zoom;Aantal inwoners 2020;67.496
748;Bergen op Zoom;Bevolkingsontwikkeling (%);1,8
753;Best;Aantal inwoners 2015;28.737
753;Best;Aantal inwoners 2020;29.988
753;Best;Bevolkingsontwikkeling (%);4,4
755;Boekel;Aantal inwoners 2015;10.119
755;Boekel;Aantal inwoners 2020;10.785
755;Boekel;Bevolkingsontwikkeling (%);6,6
756;Boxmeer;Aantal inwoners 2015;28.342
756;Boxmeer;Aantal inwoners 2020;29.365
756;Boxmeer;Bevolkingsontwikkeling (%);3,6
757;Boxtel;Aantal inwoners 2015;30.337
757;Boxtel;Aantal inwoners 2020;30.801
757;Boxtel;Bevolkingsontwikkeling (%);1,5
758;Breda;Aantal inwoners 2015;180.937
758;Breda;Aantal inwoners 2020;184.069
758;Breda;Bevolkingsontwikkeling (%);1,7
762;Deurne;Aantal inwoners 2015;31.765
762;Deurne;Aantal inwoners 2020;32.471
762;Deurne;Bevolkingsontwikkeling (%);2,2
765;Pekela;Aantal inwoners 2015;12.678
765;Pekela;Aantal inwoners 2020;12.196
765;Pekela;Bevolkingsontwikkeling (%);-3,8
766;Dongen;Aantal inwoners 2015;25.395
766;Dongen;Aantal inwoners 2020;26.222
766;Dongen;Bevolkingsontwikkeling (%);3,3
770;Eersel;Aantal inwoners 2015;18.347
770;Eersel;Aantal inwoners 2020;19.313
770;Eersel;Bevolkingsontwikkeling (%);5,3
772;Eindhoven;Aantal inwoners 2015;223.209
772;Eindhoven;Aantal inwoners 2020;234.394
772;Eindhoven;Bevolkingsontwikkeling (%);5,0
777;Etten-Leur;Aantal inwoners 2015;42.503
777;Etten-Leur;Aantal inwoners 2020;43.878
777;Etten-Leur;Bevolkingsontwikkeling (%);3,2
779;Geertruidenberg;Aantal inwoners 2015;21.574
779;Geertruidenberg;Aantal inwoners 2020;21.544
779;Geertruidenberg;Bevolkingsontwikkeling (%);-0,1
784;Gilze en Rijen;Aantal inwoners 2015;26.065
784;Gilze en Rijen;Aantal inwoners 2020;26.431
784;Gilze en Rijen;Bevolkingsontwikkeling (%);1,4
785;Goirle;Aantal inwoners 2015;23.014
785;Goirle;Aantal inwoners 2020;23.904
785;Goirle;Bevolkingsontwikkeling (%);3,9
786;Grave;Aantal inwoners 2015;12.840
786;Grave;Aantal inwoners 2020;12.436
786;Grave;Bevolkingsontwikkeling (%);-3,1
788;Haaren;Aantal inwoners 2015;13.523
788;Haaren;Aantal inwoners 2020;14.370
788;Haaren;Bevolkingsontwikkeling (%);6,3
794;Helmond;Aantal inwoners 2015;89.718
794;Helmond;Aantal inwoners 2020;92.423
794;Helmond;Bevolkingsontwikkeling (%);3,0
796;'s-Hertogenbosch;Aantal inwoners 2015;150.889
796;'s-Hertogenbosch;Aantal inwoners 2020;155.111
796;'s-Hertogenbosch;Bevolkingsontwikkeling (%);2,8
797;Heusden;Aantal inwoners 2015;43.132
797;Heusden;Aantal inwoners 2020;44.692
797;Heusden;Bevolkingsontwikkeling (%);3,6
798;Hilvarenbeek;Aantal inwoners 2015;15.042
798;Hilvarenbeek;Aantal inwoners 2020;15.518
798;Hilvarenbeek;Bevolkingsontwikkeling (%);3,2
809;Loon op Zand;Aantal inwoners 2015;22.960
809;Loon op Zand;Aantal inwoners 2020;23.408
809;Loon op Zand;Bevolkingsontwikkeling (%);2,0
815;Mill en Sint Hubert;Aantal inwoners 2015;10.831
815;Mill en Sint Hubert;Aantal inwoners 2020;10.939
815;Mill en Sint Hubert;Bevolkingsontwikkeling (%);1,0
820;Nuenen, Gerwen en Nederwetten;Aantal inwoners 2015;22.620
820;Nuenen, Gerwen en Nederwetten;Aantal inwoners 2020;23.383
820;Nuenen, Gerwen en Nederwetten;Bevolkingsontwikkeling (%);3,4
823;Oirschot;Aantal inwoners 2015;18.079
823;Oirschot;Aantal inwoners 2020;18.714
823;Oirschot;Bevolkingsontwikkeling (%);3,5
824;Oisterwijk;Aantal inwoners 2015;25.732
824;Oisterwijk;Aantal inwoners 2020;26.245
824;Oisterwijk;Bevolkingsontwikkeling (%);2,0
826;Oosterhout;Aantal inwoners 2015;53.793
826;Oosterhout;Aantal inwoners 2020;55.982
826;Oosterhout;Bevolkingsontwikkeling (%);4,1
828;Oss;Aantal inwoners 2015;89.799
828;Oss;Aantal inwoners 2020;91.915
828;Oss;Bevolkingsontwikkeling (%);2,4
840;Rucphen;Aantal inwoners 2015;22.233
840;Rucphen;Aantal inwoners 2020;22.878
840;Rucphen;Bevolkingsontwikkeling (%);2,9
845;Sint-Michielsgestel;Aantal inwoners 2015;28.395
845;Sint-Michielsgestel;Aantal inwoners 2020;29.208
845;Sint-Michielsgestel;Bevolkingsontwikkeling (%);2,9
847;Someren;Aantal inwoners 2015;18.695
847;Someren;Aantal inwoners 2020;19.368
847;Someren;Bevolkingsontwikkeling (%);3,6
848;Son en Breugel;Aantal inwoners 2015;16.344
848;Son en Breugel;Aantal inwoners 2020;17.322
848;Son en Breugel;Bevolkingsontwikkeling (%);6,0
851;Steenbergen;Aantal inwoners 2015;23.638
851;Steenbergen;Aantal inwoners 2020;24.416
851;Steenbergen;Bevolkingsontwikkeling (%);3,3
852;Waterland;Aantal inwoners 2015;17.143
852;Waterland;Aantal inwoners 2020;17.424
852;Waterland;Bevolkingsontwikkeling (%);1,6
855;Tilburg;Aantal inwoners 2015;211.648
855;Tilburg;Aantal inwoners 2020;219.789
855;Tilburg;Bevolkingsontwikkeling (%);3,8
856;Uden;Aantal inwoners 2015;41.089
856;Uden;Aantal inwoners 2020;42.119
856;Uden;Bevolkingsontwikkeling (%);2,5
858;Valkenswaard;Aantal inwoners 2015;30.234
858;Valkenswaard;Aantal inwoners 2020;31.193
858;Valkenswaard;Bevolkingsontwikkeling (%);3,2
861;Veldhoven;Aantal inwoners 2015;44.166
861;Veldhoven;Aantal inwoners 2020;45.466
861;Veldhoven;Bevolkingsontwikkeling (%);2,9
865;Vught;Aantal inwoners 2015;25.853
865;Vught;Aantal inwoners 2020;26.558
865;Vught;Bevolkingsontwikkeling (%);2,7
866;Waalre;Aantal inwoners 2015;16.874
866;Waalre;Aantal inwoners 2020;17.456
866;Waalre;Bevolkingsontwikkeling (%);3,4
867;Waalwijk;Aantal inwoners 2015;46.713
867;Waalwijk;Aantal inwoners 2020;48.637
867;Waalwijk;Bevolkingsontwikkeling (%);4,1
873;Woensdrecht;Aantal inwoners 2015;21.644
873;Woensdrecht;Aantal inwoners 2020;21.876
873;Woensdrecht;Bevolkingsontwikkeling (%);1,1
879;Zundert;Aantal inwoners 2015;21.363
879;Zundert;Aantal inwoners 2020;21.829
879;Zundert;Bevolkingsontwikkeling (%);2,2
880;Wormerland;Aantal inwoners 2015;15.740
880;Wormerland;Aantal inwoners 2020;16.270
880;Wormerland;Bevolkingsontwikkeling (%);3,4
882;Landgraaf;Aantal inwoners 2015;37.456
882;Landgraaf;Aantal inwoners 2020;37.445
882;Landgraaf;Bevolkingsontwikkeling (%);0,0
888;Beek (L.);Aantal inwoners 2015;16.214
888;Beek (L.);Aantal inwoners 2020;15.865
888;Beek (L.);Bevolkingsontwikkeling (%);-2,2
889;Beesel;Aantal inwoners 2015;13.511
889;Beesel;Aantal inwoners 2020;13.482
889;Beesel;Bevolkingsontwikkeling (%);-0,2
893;Bergen (L.);Aantal inwoners 2015;13.152
893;Bergen (L.);Aantal inwoners 2020;13.085
893;Bergen (L.);Bevolkingsontwikkeling (%);-0,5
899;Brunssum;Aantal inwoners 2015;28.656
899;Brunssum;Aantal inwoners 2020;27.821
899;Brunssum;Bevolkingsontwikkeling (%);-2,9
907;Gennep;Aantal inwoners 2015;17.280
907;Gennep;Aantal inwoners 2020;16.921
907;Gennep;Bevolkingsontwikkeling (%);-2,1
917;Heerlen;Aantal inwoners 2015;87.500
917;Heerlen;Aantal inwoners 2020;87.086
917;Heerlen;Bevolkingsontwikkeling (%);-0,5
928;Kerkrade;Aantal inwoners 2015;46.524
928;Kerkrade;Aantal inwoners 2020;45.749
928;Kerkrade;Bevolkingsontwikkeling (%);-1,7
935;Maastricht;Aantal inwoners 2015;122.397
935;Maastricht;Aantal inwoners 2020;121.575
935;Maastricht;Bevolkingsontwikkeling (%);-0,7
938;Meerssen;Aantal inwoners 2015;19.063
938;Meerssen;Aantal inwoners 2020;18.828
938;Meerssen;Bevolkingsontwikkeling (%);-1,2
944;Mook en Middelaar;Aantal inwoners 2015;7.762
944;Mook en Middelaar;Aantal inwoners 2020;7.847
944;Mook en Middelaar;Bevolkingsontwikkeling (%);1,1
946;Nederweert;Aantal inwoners 2015;16.776
946;Nederweert;Aantal inwoners 2020;17.019
946;Nederweert;Bevolkingsontwikkeling (%);1,4
957;Roermond;Aantal inwoners 2015;57.005
957;Roermond;Aantal inwoners 2020;58.260
957;Roermond;Bevolkingsontwikkeling (%);2,2
965;Simpelveld;Aantal inwoners 2015;10.844
965;Simpelveld;Aantal inwoners 2020;10.555
965;Simpelveld;Bevolkingsontwikkeling (%);-2,7
971;Stein (L.);Aantal inwoners 2015;25.134
971;Stein (L.);Aantal inwoners 2020;25.007
971;Stein (L.);Bevolkingsontwikkeling (%);-0,5
981;Vaals;Aantal inwoners 2015;9.694
981;Vaals;Aantal inwoners 2020;10.105
981;Vaals;Bevolkingsontwikkeling (%);4,2
983;Venlo;Aantal inwoners 2015;100.536
983;Venlo;Aantal inwoners 2020;101.802
983;Venlo;Bevolkingsontwikkeling (%);1,3
984;Venray;Aantal inwoners 2015;43.202
984;Venray;Aantal inwoners 2020;43.614
984;Venray;Bevolkingsontwikkeling (%);1,0
986;Voerendaal;Aantal inwoners 2015;12.397
986;Voerendaal;Aantal inwoners 2020;12.475
986;Voerendaal;Bevolkingsontwikkeling (%);0,6
988;Weert;Aantal inwoners 2015;48.914
988;Weert;Aantal inwoners 2020;50.105
988;Weert;Bevolkingsontwikkeling (%);2,4
994;Valkenburg aan de Geul;Aantal inwoners 2015;16.618
994;Valkenburg aan de Geul;Aantal inwoners 2020;16.367
994;Valkenburg aan de Geul;Bevolkingsontwikkeling (%);-1,5
995;Lelystad;Aantal inwoners 2015;76.418
995;Lelystad;Aantal inwoners 2020;78.598
995;Lelystad;Bevolkingsontwikkeling (%);2,9
1507;Horst aan de Maas;Aantal inwoners 2015;41.661
1507;Horst aan de Maas;Aantal inwoners 2020;42.429
1507;Horst aan de Maas;Bevolkingsontwikkeling (%);1,8
1509;Oude IJsselstreek;Aantal inwoners 2015;39.558
1509;Oude IJsselstreek;Aantal inwoners 2020;39.388
1509;Oude IJsselstreek;Bevolkingsontwikkeling (%);-0,4
1525;Teylingen;Aantal inwoners 2015;35.646
1525;Teylingen;Aantal inwoners 2020;37.440
1525;Teylingen;Bevolkingsontwikkeling (%);5,0
1581;Utrechtse Heuvelrug;Aantal inwoners 2015;48.183
1581;Utrechtse Heuvelrug;Aantal inwoners 2020;49.580
1581;Utrechtse Heuvelrug;Bevolkingsontwikkeling (%);2,9
1586;Oost Gelre;Aantal inwoners 2015;29.533
1586;Oost Gelre;Aantal inwoners 2020;29.627
1586;Oost Gelre;Bevolkingsontwikkeling (%);0,3
1598;Koggenland;Aantal inwoners 2015;22.426
1598;Koggenland;Aantal inwoners 2020;22.749
1598;Koggenland;Bevolkingsontwikkeling (%);1,4
1621;Lansingerland;Aantal inwoners 2015;58.133
1621;Lansingerland;Aantal inwoners 2020;62.384
1621;Lansingerland;Bevolkingsontwikkeling (%);7,3
1640;Leudal;Aantal inwoners 2015;36.244
1640;Leudal;Aantal inwoners 2020;35.879
1640;Leudal;Bevolkingsontwikkeling (%);-1,0
1641;Maasgouw;Aantal inwoners 2015;23.766
1641;Maasgouw;Aantal inwoners 2020;23.965
1641;Maasgouw;Bevolkingsontwikkeling (%);0,8
1652;Gemert-Bakel;Aantal inwoners 2015;29.513
1652;Gemert-Bakel;Aantal inwoners 2020;30.723
1652;Gemert-Bakel;Bevolkingsontwikkeling (%);4,1
1655;Halderberge;Aantal inwoners 2015;29.484
1655;Halderberge;Aantal inwoners 2020;30.284
1655;Halderberge;Bevolkingsontwikkeling (%);2,7
1658;Heeze-Leende;Aantal inwoners 2015;15.477
1658;Heeze-Leende;Aantal inwoners 2020;16.152
1658;Heeze-Leende;Bevolkingsontwikkeling (%);4,4
1659;Laarbeek;Aantal inwoners 2015;21.913
1659;Laarbeek;Aantal inwoners 2020;22.523
1659;Laarbeek;Bevolkingsontwikkeling (%);2,8
1667;Reusel-De Mierden;Aantal inwoners 2015;12.774
1667;Reusel-De Mierden;Aantal inwoners 2020;13.112
1667;Reusel-De Mierden;Bevolkingsontwikkeling (%);2,6
1669;Roerdalen;Aantal inwoners 2015;20.699
1669;Roerdalen;Aantal inwoners 2020;20.574
1669;Roerdalen;Bevolkingsontwikkeling (%);-0,6
1674;Roosendaal;Aantal inwoners 2015;76.874
1674;Roosendaal;Aantal inwoners 2020;77.251
1674;Roosendaal;Bevolkingsontwikkeling (%);0,5
1676;Schouwen-Duiveland;Aantal inwoners 2015;33.821
1676;Schouwen-Duiveland;Aantal inwoners 2020;33.839
1676;Schouwen-Duiveland;Bevolkingsontwikkeling (%);0,1
1680;Aa en Hunze;Aantal inwoners 2015;25.203
1680;Aa en Hunze;Aantal inwoners 2020;25.445
1680;Aa en Hunze;Bevolkingsontwikkeling (%);1,0
1681;Borger-Odoorn;Aantal inwoners 2015;25.502
1681;Borger-Odoorn;Aantal inwoners 2020;25.559
1681;Borger-Odoorn;Bevolkingsontwikkeling (%);0,2
1684;Cuijk;Aantal inwoners 2015;24.649
1684;Cuijk;Aantal inwoners 2020;25.130
1684;Cuijk;Bevolkingsontwikkeling (%);2,0
1685;Landerd;Aantal inwoners 2015;15.290
1685;Landerd;Aantal inwoners 2020;15.730
1685;Landerd;Bevolkingsontwikkeling (%);2,9
1690;De Wolden;Aantal inwoners 2015;23.661
1690;De Wolden;Aantal inwoners 2020;24.330
1690;De Wolden;Bevolkingsontwikkeling (%);2,8
1695;Noord-Beveland;Aantal inwoners 2015;7.433
1695;Noord-Beveland;Aantal inwoners 2020;7.392
1695;Noord-Beveland;Bevolkingsontwikkeling (%);-0,6
1696;Wijdemeren;Aantal inwoners 2015;23.176
1696;Wijdemeren;Aantal inwoners 2020;24.358
1696;Wijdemeren;Bevolkingsontwikkeling (%);5,1
1699;Noordenveld;Aantal inwoners 2015;31.137
1699;Noordenveld;Aantal inwoners 2020;31.253
1699;Noordenveld;Bevolkingsontwikkeling (%);0,4
1700;Twenterand;Aantal inwoners 2015;33.874
1700;Twenterand;Aantal inwoners 2020;33.743
1700;Twenterand;Bevolkingsontwikkeling (%);-0,4
1701;Westerveld;Aantal inwoners 2015;19.085
1701;Westerveld;Aantal inwoners 2020;19.460
1701;Westerveld;Bevolkingsontwikkeling (%);2,0
1702;Sint Anthonis;Aantal inwoners 2015;11.612
1702;Sint Anthonis;Aantal inwoners 2020;11.664
1702;Sint Anthonis;Bevolkingsontwikkeling (%);0,4
1705;Lingewaard;Aantal inwoners 2015;45.788
1705;Lingewaard;Aantal inwoners 2020;46.601
1705;Lingewaard;Bevolkingsontwikkeling (%);1,8
1706;Cranendonck;Aantal inwoners 2015;20.542
1706;Cranendonck;Aantal inwoners 2020;21.138
1706;Cranendonck;Bevolkingsontwikkeling (%);2,9
1708;Steenwijkerland;Aantal inwoners 2015;43.219
1708;Steenwijkerland;Aantal inwoners 2020;44.126
1708;Steenwijkerland;Bevolkingsontwikkeling (%);2,1
1709;Moerdijk;Aantal inwoners 2015;36.816
1709;Moerdijk;Aantal inwoners 2020;37.129
1709;Moerdijk;Bevolkingsontwikkeling (%);0,9
1711;Echt-Susteren;Aantal inwoners 2015;31.947
1711;Echt-Susteren;Aantal inwoners 2020;31.610
1711;Echt-Susteren;Bevolkingsontwikkeling (%);-1,1
1714;Sluis;Aantal inwoners 2015;23.747
1714;Sluis;Aantal inwoners 2020;23.210
1714;Sluis;Bevolkingsontwikkeling (%);-2,3
1719;Drimmelen;Aantal inwoners 2015;26.703
1719;Drimmelen;Aantal inwoners 2020;27.272
1719;Drimmelen;Bevolkingsontwikkeling (%);2,1
1721;Bernheze;Aantal inwoners 2015;29.729
1721;Bernheze;Aantal inwoners 2020;31.240
1721;Bernheze;Bevolkingsontwikkeling (%);5,1
1723;Alphen-Chaam;Aantal inwoners 2015;9.753
1723;Alphen-Chaam;Aantal inwoners 2020;10.203
1723;Alphen-Chaam;Bevolkingsontwikkeling (%);4,6
1724;Bergeijk;Aantal inwoners 2015;18.209
1724;Bergeijk;Aantal inwoners 2020;18.635
1724;Bergeijk;Bevolkingsontwikkeling (%);2,3
1728;Bladel;Aantal inwoners 2015;19.869
1728;Bladel;Aantal inwoners 2020;20.390
1728;Bladel;Bevolkingsontwikkeling (%);2,6
1729;Gulpen-Wittem;Aantal inwoners 2015;14.497
1729;Gulpen-Wittem;Aantal inwoners 2020;14.171
1729;Gulpen-Wittem;Bevolkingsontwikkeling (%);-2,2
1730;Tynaarlo;Aantal inwoners 2015;32.570
1730;Tynaarlo;Aantal inwoners 2020;33.887
1730;Tynaarlo;Bevolkingsontwikkeling (%);4,0
1731;Midden-Drenthe;Aantal inwoners 2015;33.284
1731;Midden-Drenthe;Aantal inwoners 2020;33.185
1731;Midden-Drenthe;Bevolkingsontwikkeling (%);-0,3
1734;Overbetuwe;Aantal inwoners 2015;46.833
1734;Overbetuwe;Aantal inwoners 2020;47.906
1734;Overbetuwe;Bevolkingsontwikkeling (%);2,3
1735;Hof van Twente;Aantal inwoners 2015;34.917
1735;Hof van Twente;Aantal inwoners 2020;35.017
1735;Hof van Twente;Bevolkingsontwikkeling (%);0,3
1740;Neder-Betuwe;Aantal inwoners 2015;22.728
1740;Neder-Betuwe;Aantal inwoners 2020;24.339
1740;Neder-Betuwe;Bevolkingsontwikkeling (%);7,1
1742;Rijssen-Holten;Aantal inwoners 2015;37.830
1742;Rijssen-Holten;Aantal inwoners 2020;38.177
1742;Rijssen-Holten;Bevolkingsontwikkeling (%);0,9
1771;Geldrop-Mierlo;Aantal inwoners 2015;38.879
1771;Geldrop-Mierlo;Aantal inwoners 2020;39.726
1771;Geldrop-Mierlo;Bevolkingsontwikkeling (%);2,2
1773;Olst-Wijhe;Aantal inwoners 2015;17.839
1773;Olst-Wijhe;Aantal inwoners 2020;18.252
1773;Olst-Wijhe;Bevolkingsontwikkeling (%);2,3
1774;Dinkelland;Aantal inwoners 2015;25.928
1774;Dinkelland;Aantal inwoners 2020;26.461
1774;Dinkelland;Bevolkingsontwikkeling (%);2,1
1783;Westland;Aantal inwoners 2015;104.302
1783;Westland;Aantal inwoners 2020;110.375
1783;Westland;Bevolkingsontwikkeling (%);5,8
1842;Midden-Delfland;Aantal inwoners 2015;18.709
1842;Midden-Delfland;Aantal inwoners 2020;19.341
1842;Midden-Delfland;Bevolkingsontwikkeling (%);3,4
1859;Berkelland;Aantal inwoners 2015;44.364
1859;Berkelland;Aantal inwoners 2020;43.747
1859;Berkelland;Bevolkingsontwikkeling (%);-1,4
1876;Bronckhorst;Aantal inwoners 2015;36.726
1876;Bronckhorst;Aantal inwoners 2020;36.055
1876;Bronckhorst;Bevolkingsontwikkeling (%);-1,8
1883;Sittard-Geleen;Aantal inwoners 2015;93.724
1883;Sittard-Geleen;Aantal inwoners 2020;92.429
1883;Sittard-Geleen;Bevolkingsontwikkeling (%);-1,4
1884;Kaag en Braassem;Aantal inwoners 2015;25.844
1884;Kaag en Braassem;Aantal inwoners 2020;27.297
1884;Kaag en Braassem;Bevolkingsontwikkeling (%);5,6
1891;Dantumadiel;Aantal inwoners 2015;19.059
1891;Dantumadiel;Aantal inwoners 2020;18.922
1891;Dantumadiel;Bevolkingsontwikkeling (%);-0,7
1892;Zuidplas;Aantal inwoners 2015;40.771
1892;Zuidplas;Aantal inwoners 2020;43.885
1892;Zuidplas;Bevolkingsontwikkeling (%);7,6
1894;Peel en Maas;Aantal inwoners 2015;43.448
1894;Peel en Maas;Aantal inwoners 2020;43.425
1894;Peel en Maas;Bevolkingsontwikkeling (%);-0,1
1895;Oldambt;Aantal inwoners 2015;38.420
1895;Oldambt;Aantal inwoners 2020;38.209
1895;Oldambt;Bevolkingsontwikkeling (%);-0,5
1896;Zwartewaterland;Aantal inwoners 2015;22.166
1896;Zwartewaterland;Aantal inwoners 2020;22.685
1896;Zwartewaterland;Bevolkingsontwikkeling (%);2,3
1900;Súdwest-Fryslân;Aantal inwoners 2015;89.604
1900;Súdwest-Fryslân;Aantal inwoners 2020;89.987
1900;Súdwest-Fryslân;Bevolkingsontwikkeling (%);0,4
1901;Bodegraven-Reeuwijk;Aantal inwoners 2015;33.208
1901;Bodegraven-Reeuwijk;Aantal inwoners 2020;34.872
1901;Bodegraven-Reeuwijk;Bevolkingsontwikkeling (%);5,0
1903;Eijsden-Margraten;Aantal inwoners 2015;24.967
1903;Eijsden-Margraten;Aantal inwoners 2020;25.768
1903;Eijsden-Margraten;Bevolkingsontwikkeling (%);3,2
1904;Stichtse Vecht;Aantal inwoners 2015;63.943
1904;Stichtse Vecht;Aantal inwoners 2020;64.931
1904;Stichtse Vecht;Bevolkingsontwikkeling (%);1,5
1911;Hollands Kroon;Aantal inwoners 2015;47.546
1911;Hollands Kroon;Aantal inwoners 2020;48.432
1911;Hollands Kroon;Bevolkingsontwikkeling (%);1,9
1916;Leidschendam-Voorburg;Aantal inwoners 2015;73.979
1916;Leidschendam-Voorburg;Aantal inwoners 2020;76.534
1916;Leidschendam-Voorburg;Bevolkingsontwikkeling (%);3,5
1924;Goeree-Overflakkee;Aantal inwoners 2015;48.206
1924;Goeree-Overflakkee;Aantal inwoners 2020;50.049
1924;Goeree-Overflakkee;Bevolkingsontwikkeling (%);3,8
1926;Pijnacker-Nootdorp;Aantal inwoners 2015;51.203
1926;Pijnacker-Nootdorp;Aantal inwoners 2020;55.308
1926;Pijnacker-Nootdorp;Bevolkingsontwikkeling (%);8,0
1930;Nissewaard;Aantal inwoners 2015;85.121
1930;Nissewaard;Aantal inwoners 2020;85.219
1930;Nissewaard;Bevolkingsontwikkeling (%);0,1
1931;Krimpenerwaard;Aantal inwoners 2015;54.208
1931;Krimpenerwaard;Aantal inwoners 2020;56.319
1931;Krimpenerwaard;Bevolkingsontwikkeling (%);3,9
1940;De Fryske Marren;Aantal inwoners 2015;51.213
1940;De Fryske Marren;Aantal inwoners 2020;51.564
1940;De Fryske Marren;Bevolkingsontwikkeling (%);0,7
1942;Gooise Meren;Aantal inwoners 2015;56.328
1942;Gooise Meren;Aantal inwoners 2020;58.055
1942;Gooise Meren;Bevolkingsontwikkeling (%);3,1
1945;Berg en Dal;Aantal inwoners 2015;34.258
1945;Berg en Dal;Aantal inwoners 2020;34.992
1945;Berg en Dal;Bevolkingsontwikkeling (%);2,1
1948;Meierijstad;Aantal inwoners 2015;79.234
1948;Meierijstad;Aantal inwoners 2020;81.194
1948;Meierijstad;Bevolkingsontwikkeling (%);2,5
1949;Waadhoeke;Aantal inwoners 2015;46.490
1949;Waadhoeke;Aantal inwoners 2020;46.090
1949;Waadhoeke;Bevolkingsontwikkeling (%);-0,9
1950;Westerwolde;Aantal inwoners 2015;25.366
1950;Westerwolde;Aantal inwoners 2020;25.733
1950;Westerwolde;Bevolkingsontwikkeling (%);1,4
1952;Midden-Groningen;Aantal inwoners 2015;62.114
1952;Midden-Groningen;Aantal inwoners 2020;60.797
1952;Midden-Groningen;Bevolkingsontwikkeling (%);-2,1
1954;Beekdaelen;Aantal inwoners 2015;36.353
1954;Beekdaelen;Aantal inwoners 2020;35.938
1954;Beekdaelen;Bevolkingsontwikkeling (%);-1,1
1955;Montferland;Aantal inwoners 2015;35.150
1955;Montferland;Aantal inwoners 2020;36.011
1955;Montferland;Bevolkingsontwikkeling (%);2,4
1959;Altena;Aantal inwoners 2015;53.762
1959;Altena;Aantal inwoners 2020;55.967
1959;Altena;Bevolkingsontwikkeling (%);4,1
1960;West Betuwe;Aantal inwoners 2015;49.440
1960;West Betuwe;Aantal inwoners 2020;51.128
1960;West Betuwe;Bevolkingsontwikkeling (%);3,4
1961;Vijfheerenlanden;Aantal inwoners 2015;53.917
1961;Vijfheerenlanden;Aantal inwoners 2020;56.811
1961;Vijfheerenlanden;Bevolkingsontwikkeling (%);5,4
1963;Hoeksche Waard;Aantal inwoners 2015;84.636
1963;Hoeksche Waard;Aantal inwoners 2020;87.401
1963;Hoeksche Waard;Bevolkingsontwikkeling (%);3,3
1966;Het Hogeland;Aantal inwoners 2015;48.489
1966;Het Hogeland;Aantal inwoners 2020;47.801
1966;Het Hogeland;Bevolkingsontwikkeling (%);-1,4
1969;Westerkwartier;Aantal inwoners 2015;62.298
1969;Westerkwartier;Aantal inwoners 2020;63.329
1969;Westerkwartier;Bevolkingsontwikkeling (%);1,7
1970;Noardeast-Fryslân;Aantal inwoners 2015;45.556
1970;Noardeast-Fryslân;Aantal inwoners 2020;45.228
1970;Noardeast-Fryslân;Bevolkingsontwikkeling (%);-0,7
1978;Molenlanden;Aantal inwoners 2015;43.457
1978;Molenlanden;Aantal inwoners 2020;43.909
1978;Molenlanden;Bevolkingsontwikkeling (%);1,0
