id;Gemeente;Groep_rij;Geslacht;Bij geboorte;Bij geboorte (afwijking tov NL);Bij 65 jaar;Bij 65 jaar (afwijking tov NL)
0518;'s-Gravenhage;Levensverwachting;Totaal;80,8;onder, 99% zeker;19,1;onder, 99% zeker
0796;'s-Hertogenbosch;Levensverwachting;Totaal;81,3;onder, 99% zeker;19,7;onder, 99% zeker
1680;Aa en Hunze;Levensverwachting;Totaal;82,1;geen;20,4;geen
0358;Aalsmeer;Levensverwachting;Totaal;82,9;boven, 99% zeker;20,1;geen
0197;Aalten;Levensverwachting;Totaal;82,1;geen;20,3;geen
0059;Achtkarspelen;Levensverwachting;Totaal;81,4;geen;19,7;geen
0482;Alblasserdam;Levensverwachting;Totaal;82,7;boven, 95% zeker;20,6;boven, 95% zeker
0613;Albrandswaard;Levensverwachting;Totaal;83,0;boven, 99% zeker;21,1;boven, 99% zeker
0361;Alkmaar;Levensverwachting;Totaal;81,8;geen;20,3;boven, 99% zeker
0141;Almelo;Levensverwachting;Totaal;80,2;onder, 99% zeker;19,2;onder, 99% zeker
0034;Almere;Levensverwachting;Totaal;82,3;boven, 99% zeker;20,1;geen
0484;Alphen aan den Rijn;Levensverwachting;Totaal;82,7;boven, 99% zeker;20,5;boven, 99% zeker
1723;Alphen-Chaam;Levensverwachting;Totaal;83,6;boven, 99% zeker;21,6;boven, 99% zeker
1959;Altena;Levensverwachting;Totaal;82,6;boven, 99% zeker;20,4;boven, 95% zeker
0060;Ameland;Levensverwachting;Totaal;82,1;geen;19,9;geen
0307;Amersfoort;Levensverwachting;Totaal;82,1;geen;20,0;geen
0362;Amstelveen;Levensverwachting;Totaal;83,4;boven, 99% zeker;21,0;boven, 99% zeker
0363;Amsterdam;Levensverwachting;Totaal;81,1;onder, 99% zeker;19,5;onder, 99% zeker
0200;Apeldoorn;Levensverwachting;Totaal;81,4;onder, 99% zeker;20,0;geen
0003;Appingedam;Levensverwachting;Totaal;80,2;onder, 99% zeker;18,8;onder, 99% zeker
0202;Arnhem;Levensverwachting;Totaal;80,1;onder, 99% zeker;18,8;onder, 99% zeker
0106;Assen;Levensverwachting;Totaal;80,9;onder, 99% zeker;19,6;onder, 99% zeker
0743;Asten;Levensverwachting;Totaal;81,8;geen;19,9;geen
0744;Baarle-Nassau;Levensverwachting;Totaal;83,0;geen;21,8;boven, 99% zeker
0308;Baarn;Levensverwachting;Totaal;80,1;onder, 99% zeker;19,4;onder, 99% zeker
0489;Barendrecht;Levensverwachting;Totaal;83,9;boven, 99% zeker;21,2;boven, 99% zeker
0203;Barneveld;Levensverwachting;Totaal;82,1;geen;20,1;geen
0888;Beek;Levensverwachting;Totaal;83,6;boven, 99% zeker;21,4;boven, 99% zeker
1954;Beekdaelen;Levensverwachting;Totaal;82,4;geen;20,4;boven, 95% zeker
0370;Beemster;Levensverwachting;Totaal;84,5;boven, 99% zeker;22,4;boven, 99% zeker
0889;Beesel;Levensverwachting;Totaal;83,1;boven, 99% zeker;20,9;boven, 99% zeker
1945;Berg en Dal;Levensverwachting;Totaal;80,8;onder, 99% zeker;19,0;onder, 99% zeker
1724;Bergeijk;Levensverwachting;Totaal;83,8;boven, 99% zeker;21,2;boven, 99% zeker
0893;Bergen (L.);Levensverwachting;Totaal;81,5;geen;19,9;geen
0373;Bergen (NH.);Levensverwachting;Totaal;82,1;geen;20,1;geen
0748;Bergen op Zoom;Levensverwachting;Totaal;81,2;onder, 95% zeker;19,8;geen
1859;Berkelland;Levensverwachting;Totaal;82,2;geen;20,1;geen
1721;Bernheze;Levensverwachting;Totaal;82,2;geen;20,1;geen
0753;Best;Levensverwachting;Totaal;82,9;boven, 99% zeker;20,8;boven, 99% zeker
0209;Beuningen;Levensverwachting;Totaal;81,8;geen;20,0;geen
0375;Beverwijk;Levensverwachting;Totaal;81,1;onder, 95% zeker;19,5;onder, 95% zeker
1728;Bladel;Levensverwachting;Totaal;82,7;boven, 95% zeker;20,3;geen
0376;Blaricum;Levensverwachting;Totaal;83,4;boven, 99% zeker;21,0;boven, 99% zeker
0377;Bloemendaal;Levensverwachting;Totaal;83,0;boven, 99% zeker;20,9;boven, 99% zeker
1901;Bodegraven-Reeuwijk;Levensverwachting;Totaal;83,4;boven, 99% zeker;21,6;boven, 99% zeker
0755;Boekel;Levensverwachting;Totaal;81,5;geen;19,7;geen
1681;Borger-Odoorn;Levensverwachting;Totaal;81,0;geen;19,9;geen
0147;Borne;Levensverwachting;Totaal;82,7;boven, 95% zeker;20,7;boven, 99% zeker
0654;Borsele;Levensverwachting;Totaal;83,7;boven, 99% zeker;21,8;boven, 99% zeker
0756;Boxmeer;Levensverwachting;Totaal;82,8;boven, 99% zeker;20,7;boven, 99% zeker
0757;Boxtel;Levensverwachting;Totaal;81,2;geen;19,6;geen
0758;Breda;Levensverwachting;Totaal;81,3;onder, 99% zeker;19,7;onder, 99% zeker
0501;Brielle;Levensverwachting;Totaal;81,9;geen;20,3;geen
1876;Bronckhorst;Levensverwachting;Totaal;83,4;boven, 99% zeker;21,2;boven, 99% zeker
0213;Brummen;Levensverwachting;Totaal;82,3;geen;20,8;boven, 99% zeker
0899;Brunssum;Levensverwachting;Totaal;80,0;onder, 99% zeker;18,5;onder, 99% zeker
0312;Bunnik;Levensverwachting;Totaal;86,0;boven, 99% zeker;23,8;boven, 99% zeker
0313;Bunschoten;Levensverwachting;Totaal;83,0;boven, 99% zeker;20,8;boven, 99% zeker
0214;Buren;Levensverwachting;Totaal;82,6;boven, 95% zeker;20,6;boven, 95% zeker
0502;Capelle aan den IJssel;Levensverwachting;Totaal;82,1;geen;20,0;geen
0383;Castricum;Levensverwachting;Totaal;83,6;boven, 99% zeker;21,2;boven, 99% zeker
0109;Coevorden;Levensverwachting;Totaal;80,6;onder, 99% zeker;19,6;onder, 95% zeker
1706;Cranendonck;Levensverwachting;Totaal;81,9;geen;20,2;geen
1684;Cuijk;Levensverwachting;Totaal;81,7;geen;20,2;geen
0216;Culemborg;Levensverwachting;Totaal;81,9;geen;19,7;geen
0148;Dalfsen;Levensverwachting;Totaal;83,8;boven, 99% zeker;21,2;boven, 99% zeker
1891;Dantumadiel;Levensverwachting;Totaal;81,0;onder, 95% zeker;18,8;onder, 99% zeker
0310;De Bilt;Levensverwachting;Totaal;82,5;boven, 95% zeker;20,2;geen
1940;De Fryske Marren;Levensverwachting;Totaal;82,7;boven, 99% zeker;20,5;boven, 99% zeker
0736;De Ronde Venen;Levensverwachting;Totaal;83,4;boven, 99% zeker;21,2;boven, 99% zeker
1690;De Wolden;Levensverwachting;Totaal;82,4;geen;20,3;geen
0503;Delft;Levensverwachting;Totaal;81,9;geen;20,3;boven, 95% zeker
0010;Delfzijl;Levensverwachting;Totaal;80,1;onder, 99% zeker;18,9;onder, 99% zeker
0400;Den Helder;Levensverwachting;Totaal;81,1;onder, 99% zeker;19,9;geen
0762;Deurne;Levensverwachting;Totaal;81,5;geen;19,9;geen
0150;Deventer;Levensverwachting;Totaal;81,4;onder, 95% zeker;19,7;onder, 95% zeker
0384;Diemen;Levensverwachting;Totaal;82,5;geen;20,5;geen
1774;Dinkelland;Levensverwachting;Totaal;83,8;boven, 99% zeker;20,7;boven, 99% zeker
0221;Doesburg;Levensverwachting;Totaal;82,5;geen;20,4;geen
0222;Doetinchem;Levensverwachting;Totaal;81,2;onder, 95% zeker;19,7;geen
0766;Dongen;Levensverwachting;Totaal;81,9;geen;20,1;geen
0505;Dordrecht;Levensverwachting;Totaal;81,2;onder, 99% zeker;19,7;onder, 99% zeker
0498;Drechterland;Levensverwachting;Totaal;82,5;geen;20,6;boven, 95% zeker
1719;Drimmelen;Levensverwachting;Totaal;82,1;geen;20,4;geen
0303;Dronten;Levensverwachting;Totaal;83,1;boven, 99% zeker;21,5;boven, 99% zeker
0225;Druten;Levensverwachting;Totaal;81,5;geen;20,3;geen
0226;Duiven;Levensverwachting;Totaal;82,8;boven, 95% zeker;20,8;boven, 99% zeker
1711;Echt-Susteren;Levensverwachting;Totaal;81,7;geen;19,8;geen
0385;Edam-Volendam;Levensverwachting;Totaal;82,4;boven, 95% zeker;20,1;geen
0228;Ede;Levensverwachting;Totaal;82,6;boven, 99% zeker;20,9;boven, 99% zeker
0317;Eemnes;Levensverwachting;Totaal;84,8;boven, 99% zeker;22,5;boven, 99% zeker
0770;Eersel;Levensverwachting;Totaal;82,6;geen;21,0;boven, 99% zeker
1903;Eijsden-Margraten;Levensverwachting;Totaal;83,0;boven, 99% zeker;20,8;boven, 99% zeker
0772;Eindhoven;Levensverwachting;Totaal;81,3;onder, 99% zeker;19,9;geen
0230;Elburg;Levensverwachting;Totaal;82,5;geen;20,2;geen
0114;Emmen;Levensverwachting;Totaal;80,7;onder, 99% zeker;19,4;onder, 99% zeker
0388;Enkhuizen;Levensverwachting;Totaal;82,0;geen;20,2;geen
0153;Enschede;Levensverwachting;Totaal;80,1;onder, 99% zeker;18,9;onder, 99% zeker
0232;Epe;Levensverwachting;Totaal;82,5;boven, 95% zeker;20,8;boven, 99% zeker
0233;Ermelo;Levensverwachting;Totaal;81,4;geen;20,0;geen
0777;Etten-Leur;Levensverwachting;Totaal;81,7;geen;19,9;geen
0779;Geertruidenberg;Levensverwachting;Totaal;80,5;onder, 99% zeker;19,1;onder, 99% zeker
1771;Geldrop-Mierlo;Levensverwachting;Totaal;82,1;geen;20,2;geen
1652;Gemert-Bakel;Levensverwachting;Totaal;81,8;geen;20,2;geen
0907;Gennep;Levensverwachting;Totaal;80,1;onder, 99% zeker;19,0;onder, 99% zeker
0784;Gilze en Rijen;Levensverwachting;Totaal;82,0;geen;20,2;geen
1924;Goeree-Overflakkee;Levensverwachting;Totaal;82,4;boven, 95% zeker;20,5;boven, 99% zeker
0664;Goes;Levensverwachting;Totaal;82,0;geen;20,8;boven, 99% zeker
0785;Goirle;Levensverwachting;Totaal;83,1;boven, 99% zeker;20,9;boven, 99% zeker
1942;Gooise Meren;Levensverwachting;Totaal;83,5;boven, 99% zeker;21,2;boven, 99% zeker
0512;Gorinchem;Levensverwachting;Totaal;81,4;geen;19,7;geen
0513;Gouda;Levensverwachting;Totaal;81,7;geen;19,7;onder, 95% zeker
0786;Grave;Levensverwachting;Totaal;81,1;geen;19,4;geen
0014;Groningen;Levensverwachting;Totaal;80,9;onder, 99% zeker;19,5;onder, 99% zeker
1729;Gulpen-Wittem;Levensverwachting;Totaal;81,3;geen;20,0;geen
0158;Haaksbergen;Levensverwachting;Totaal;82,2;geen;20,1;geen
0788;Haaren;Levensverwachting;Totaal;82,0;geen;21,1;boven, 99% zeker
0392;Haarlem;Levensverwachting;Totaal;81,0;onder, 99% zeker;19,1;onder, 99% zeker
0394;Haarlemmermeer;Levensverwachting;Totaal;83,0;boven, 99% zeker;20,7;boven, 99% zeker
1655;Halderberge;Levensverwachting;Totaal;81,8;geen;19,9;geen
0160;Hardenberg;Levensverwachting;Totaal;81,7;geen;20,0;geen
0243;Harderwijk;Levensverwachting;Totaal;82,3;geen;20,3;geen
0523;Hardinxveld-Giessendam;Levensverwachting;Totaal;82,1;geen;19,9;geen
0072;Harlingen;Levensverwachting;Totaal;80,7;onder, 95% zeker;19,4;onder, 95% zeker
0244;Hattem;Levensverwachting;Totaal;83,1;boven, 95% zeker;21,2;boven, 99% zeker
0396;Heemskerk;Levensverwachting;Totaal;81,9;geen;20,0;geen
0397;Heemstede;Levensverwachting;Totaal;82,8;boven, 99% zeker;20,8;boven, 99% zeker
0246;Heerde;Levensverwachting;Totaal;81,1;geen;19,5;onder, 95% zeker
0074;Heerenveen;Levensverwachting;Totaal;81,4;geen;19,6;onder, 95% zeker
0398;Heerhugowaard;Levensverwachting;Totaal;82,4;boven, 95% zeker;20,4;boven, 95% zeker
0917;Heerlen;Levensverwachting;Totaal;79,8;onder, 99% zeker;19,2;onder, 99% zeker
1658;Heeze-Leende;Levensverwachting;Totaal;82,2;geen;20,5;geen
0399;Heiloo;Levensverwachting;Totaal;85,2;boven, 99% zeker;22,8;boven, 99% zeker
0163;Hellendoorn;Levensverwachting;Totaal;81,8;geen;20,1;geen
0530;Hellevoetsluis;Levensverwachting;Totaal;82,2;geen;20,2;geen
0794;Helmond;Levensverwachting;Totaal;81,0;onder, 99% zeker;19,7;onder, 95% zeker
0531;Hendrik-Ido-Ambacht;Levensverwachting;Totaal;82,8;boven, 99% zeker;20,5;boven, 95% zeker
0164;Hengelo;Levensverwachting;Totaal;81,6;geen;19,8;geen
1966;Het Hogeland;Levensverwachting;Totaal;81,3;geen;19,8;geen
0252;Heumen;Levensverwachting;Totaal;83,9;boven, 99% zeker;21,4;boven, 99% zeker
0797;Heusden;Levensverwachting;Totaal;83,1;boven, 99% zeker;21,0;boven, 99% zeker
0534;Hillegom;Levensverwachting;Totaal;81,2;geen;19,9;geen
0798;Hilvarenbeek;Levensverwachting;Totaal;82,4;geen;21,0;boven, 99% zeker
0402;Hilversum;Levensverwachting;Totaal;81,6;geen;19,7;onder, 95% zeker
1963;Hoeksche Waard;Levensverwachting;Totaal;82,8;boven, 99% zeker;20,3;boven, 95% zeker
1735;Hof van Twente;Levensverwachting;Totaal;82,2;geen;20,2;geen
1911;Hollands Kroon;Levensverwachting;Totaal;82,5;boven, 95% zeker;20,6;boven, 99% zeker
0118;Hoogeveen;Levensverwachting;Totaal;81,7;geen;20,1;geen
0405;Hoorn;Levensverwachting;Totaal;80,9;onder, 99% zeker;19,1;onder, 99% zeker
1507;Horst aan de Maas;Levensverwachting;Totaal;82,4;geen;20,7;boven, 99% zeker
0321;Houten;Levensverwachting;Totaal;83,1;boven, 99% zeker;20,7;boven, 99% zeker
0406;Huizen;Levensverwachting;Totaal;82,1;geen;20,0;geen
0677;Hulst;Levensverwachting;Totaal;82,4;geen;21,0;boven, 99% zeker
0353;IJsselstein;Levensverwachting;Totaal;82,2;geen;20,4;geen
1884;Kaag en Braassem;Levensverwachting;Totaal;83,3;boven, 99% zeker;20,9;boven, 99% zeker
0166;Kampen;Levensverwachting;Totaal;82,2;geen;20,3;geen
0678;Kapelle;Levensverwachting;Totaal;83,3;boven, 99% zeker;21,2;boven, 99% zeker
0537;Katwijk;Levensverwachting;Totaal;81,0;onder, 99% zeker;19,4;onder, 99% zeker
0928;Kerkrade;Levensverwachting;Totaal;78,7;onder, 99% zeker;18,2;onder, 99% zeker
1598;Koggenland;Levensverwachting;Totaal;82,0;geen;20,3;geen
0542;Krimpen aan den IJssel;Levensverwachting;Totaal;83,8;boven, 99% zeker;21,7;boven, 99% zeker
1931;Krimpenerwaard;Levensverwachting;Totaal;83,2;boven, 99% zeker;20,9;boven, 99% zeker
1659;Laarbeek;Levensverwachting;Totaal;81,6;geen;19,7;geen
1685;Landerd;Levensverwachting;Totaal;82,0;geen;19,7;geen
0882;Landgraaf;Levensverwachting;Totaal;81,1;onder, 95% zeker;20,0;geen
0415;Landsmeer;Levensverwachting;Totaal;83,0;geen;21,4;boven, 99% zeker
0416;Langedijk;Levensverwachting;Totaal;84,2;boven, 99% zeker;21,8;boven, 99% zeker
1621;Lansingerland;Levensverwachting;Totaal;83,4;boven, 99% zeker;20,9;boven, 99% zeker
0417;Laren;Levensverwachting;Totaal;80,3;onder, 95% zeker;18,4;onder, 99% zeker
0080;Leeuwarden;Levensverwachting;Totaal;80,8;onder, 99% zeker;19,7;onder, 99% zeker
0546;Leiden;Levensverwachting;Totaal;81,5;geen;19,4;onder, 99% zeker
0547;Leiderdorp;Levensverwachting;Totaal;83,5;boven, 99% zeker;21,3;boven, 99% zeker
1916;Leidschendam-Voorburg;Levensverwachting;Totaal;83,6;boven, 99% zeker;21,3;boven, 99% zeker
0995;Lelystad;Levensverwachting;Totaal;80,5;onder, 99% zeker;19,0;onder, 99% zeker
1640;Leudal;Levensverwachting;Totaal;82,3;geen;20,6;boven, 99% zeker
0327;Leusden;Levensverwachting;Totaal;83,9;boven, 99% zeker;21,5;boven, 99% zeker
1705;Lingewaard;Levensverwachting;Totaal;82,8;boven, 99% zeker;20,4;boven, 95% zeker
0553;Lisse;Levensverwachting;Totaal;84,0;boven, 99% zeker;21,6;boven, 99% zeker
0262;Lochem;Levensverwachting;Totaal;83,3;boven, 99% zeker;21,0;boven, 99% zeker
0809;Loon op Zand;Levensverwachting;Totaal;81,9;geen;19,4;onder, 95% zeker
0331;Lopik;Levensverwachting;Totaal;82,8;geen;22,1;boven, 99% zeker
0024;Loppersum;Levensverwachting;Totaal;81,7;geen;20,1;geen
0168;Losser;Levensverwachting;Totaal;81,7;geen;20,0;geen
0263;Maasdriel;Levensverwachting;Totaal;81,7;geen;19,3;onder, 99% zeker
1641;Maasgouw;Levensverwachting;Totaal;81,3;geen;20,4;geen
0556;Maassluis;Levensverwachting;Totaal;81,6;geen;19,7;geen
0935;Maastricht;Levensverwachting;Totaal;81,2;onder, 99% zeker;19,7;onder, 99% zeker
0420;Medemblik;Levensverwachting;Totaal;81,5;geen;19,6;onder, 95% zeker
0938;Meerssen;Levensverwachting;Totaal;82,1;geen;21,0;boven, 99% zeker
1948;Meierijstad;Levensverwachting;Totaal;82,5;boven, 99% zeker;20,5;boven, 99% zeker
0119;Meppel;Levensverwachting;Totaal;80,8;onder, 99% zeker;19,3;onder, 99% zeker
0687;Middelburg;Levensverwachting;Totaal;82,3;geen;20,7;boven, 99% zeker
1842;Midden-Delfland;Levensverwachting;Totaal;84,3;boven, 99% zeker;22,1;boven, 99% zeker
1731;Midden-Drenthe;Levensverwachting;Totaal;81,3;geen;19,8;geen
1952;Midden-Groningen;Levensverwachting;Totaal;80,7;onder, 99% zeker;19,5;onder, 99% zeker
0815;Mill en Sint Hubert;Levensverwachting;Totaal;82,3;geen;20,0;geen
1709;Moerdijk;Levensverwachting;Totaal;81,3;geen;20,1;geen
1978;Molenlanden;Levensverwachting;Totaal;83,4;boven, 99% zeker;21,4;boven, 99% zeker
1955;Montferland;Levensverwachting;Totaal;81,5;geen;20,0;geen
0335;Montfoort;Levensverwachting;Totaal;84,2;boven, 99% zeker;21,3;boven, 99% zeker
0944;Mook en Middelaar;Levensverwachting;Totaal;86,5;boven, 99% zeker;24,2;boven, 99% zeker
1740;Neder-Betuwe;Levensverwachting;Totaal;81,7;geen;20,0;geen
0946;Nederweert;Levensverwachting;Totaal;84,0;boven, 99% zeker;22,1;boven, 99% zeker
0356;Nieuwegein;Levensverwachting;Totaal;83,3;boven, 99% zeker;21,4;boven, 99% zeker
0569;Nieuwkoop;Levensverwachting;Totaal;83,4;boven, 99% zeker;21,5;boven, 99% zeker
0267;Nijkerk;Levensverwachting;Totaal;83,7;boven, 99% zeker;21,5;boven, 99% zeker
0268;Nijmegen;Levensverwachting;Totaal;80,8;onder, 99% zeker;19,3;onder, 99% zeker
1930;Nissewaard;Levensverwachting;Totaal;82,4;boven, 99% zeker;20,6;boven, 99% zeker
1970;Noardeast-Fryslân;Levensverwachting;Totaal;81,8;geen;19,9;geen
1695;Noord-Beveland;Levensverwachting;Totaal;81,8;geen;19,8;geen
1699;Noordenveld;Levensverwachting;Totaal;84,4;boven, 99% zeker;21,6;boven, 99% zeker
0171;Noordoostpolder;Levensverwachting;Totaal;82,4;boven, 95% zeker;20,4;boven, 95% zeker
0575;Noordwijk;Levensverwachting;Totaal;82,4;boven, 95% zeker;20,4;boven, 95% zeker
0820;Nuenen, Gerwen en Nederwetten;Levensverwachting;Totaal;84,4;boven, 99% zeker;21,5;boven, 99% zeker
0302;Nunspeet;Levensverwachting;Totaal;82,2;geen;20,2;geen
0579;Oegstgeest;Levensverwachting;Totaal;83,1;boven, 99% zeker;20,7;boven, 99% zeker
0823;Oirschot;Levensverwachting;Totaal;82,5;geen;20,2;geen
0824;Oisterwijk;Levensverwachting;Totaal;82,6;boven, 95% zeker;20,1;geen
1895;Oldambt;Levensverwachting;Totaal;79,7;onder, 99% zeker;18,9;onder, 99% zeker
0269;Oldebroek;Levensverwachting;Totaal;82,3;geen;20,4;geen
0173;Oldenzaal;Levensverwachting;Totaal;81,9;geen;19,9;geen
1773;Olst-Wijhe;Levensverwachting;Totaal;82,2;geen;20,2;geen
0175;Ommen;Levensverwachting;Totaal;82,7;boven, 95% zeker;20,6;boven, 95% zeker
1586;Oost Gelre;Levensverwachting;Totaal;81,5;geen;19,8;geen
0826;Oosterhout;Levensverwachting;Totaal;82,0;geen;20,2;geen
0085;Ooststellingwerf;Levensverwachting;Totaal;81,0;onder, 95% zeker;19,0;onder, 99% zeker
0431;Oostzaan;Levensverwachting;Totaal;84,6;boven, 99% zeker;21,2;boven, 99% zeker
0432;Opmeer;Levensverwachting;Totaal;82,0;geen;20,3;geen
0086;Opsterland;Levensverwachting;Totaal;82,2;geen;20,7;boven, 99% zeker
0828;Oss;Levensverwachting;Totaal;82,2;geen;20,6;boven, 99% zeker
1509;Oude IJsselstreek;Levensverwachting;Totaal;80,8;onder, 99% zeker;19,1;onder, 99% zeker
0437;Ouder-Amstel;Levensverwachting;Totaal;84,4;boven, 99% zeker;21,9;boven, 99% zeker
0589;Oudewater;Levensverwachting;Totaal;81,9;geen;20,3;geen
1734;Overbetuwe;Levensverwachting;Totaal;83,0;boven, 99% zeker;20,6;boven, 99% zeker
0590;Papendrecht;Levensverwachting;Totaal;83,7;boven, 99% zeker;21,4;boven, 99% zeker
1894;Peel en Maas;Levensverwachting;Totaal;82,7;boven, 99% zeker;20,5;boven, 99% zeker
0765;Pekela;Levensverwachting;Totaal;80,3;onder, 95% zeker;19,7;geen
1926;Pijnacker-Nootdorp;Levensverwachting;Totaal;84,1;boven, 99% zeker;21,7;boven, 99% zeker
0439;Purmerend;Levensverwachting;Totaal;81,8;geen;19,9;geen
0273;Putten;Levensverwachting;Totaal;82,2;geen;20,7;boven, 99% zeker
0177;Raalte;Levensverwachting;Totaal;82,7;boven, 99% zeker;20,3;geen
0703;Reimerswaal;Levensverwachting;Totaal;82,5;geen;21,1;boven, 99% zeker
0274;Renkum;Levensverwachting;Totaal;82,5;geen;20,9;boven, 99% zeker
0339;Renswoude;Levensverwachting;Totaal;82,7;geen;21,0;geen
1667;Reusel-De Mierden;Levensverwachting;Totaal;83,7;boven, 99% zeker;21,3;boven, 99% zeker
0275;Rheden;Levensverwachting;Totaal;81,1;onder, 95% zeker;19,8;geen
0340;Rhenen;Levensverwachting;Totaal;83,3;boven, 99% zeker;21,6;boven, 99% zeker
0597;Ridderkerk;Levensverwachting;Totaal;83,1;boven, 99% zeker;20,8;boven, 99% zeker
1742;Rijssen-Holten;Levensverwachting;Totaal;82,8;boven, 99% zeker;21,0;boven, 99% zeker
0603;Rijswijk;Levensverwachting;Totaal;82,0;geen;20,3;geen
1669;Roerdalen;Levensverwachting;Totaal;82,6;geen;20,3;geen
0957;Roermond;Levensverwachting;Totaal;81,3;onder, 95% zeker;19,7;geen
1674;Roosendaal;Levensverwachting;Totaal;81,4;geen;19,5;onder, 99% zeker
0599;Rotterdam;Levensverwachting;Totaal;80,3;onder, 99% zeker;18,9;onder, 99% zeker
0277;Rozendaal;Levensverwachting;Totaal;83,6;geen;23,7;boven, 99% zeker
0840;Rucphen;Levensverwachting;Totaal;79,7;onder, 99% zeker;17,8;onder, 99% zeker
0441;Schagen;Levensverwachting;Totaal;82,4;boven, 95% zeker;20,4;boven, 95% zeker
0279;Scherpenzeel;Levensverwachting;Totaal;83,1;boven, 95% zeker;21,0;boven, 95% zeker
0606;Schiedam;Levensverwachting;Totaal;80,1;onder, 99% zeker;18,8;onder, 99% zeker
0088;Schiermonnikoog;Levensverwachting;Totaal;84,1;geen;21,6;geen
1676;Schouwen-Duiveland;Levensverwachting;Totaal;82,3;geen;21,3;boven, 99% zeker
0965;Simpelveld;Levensverwachting;Totaal;83,6;boven, 99% zeker;21,9;boven, 99% zeker
1702;Sint Anthonis;Levensverwachting;Totaal;83,4;boven, 99% zeker;21,2;boven, 99% zeker
0845;Sint-Michielsgestel;Levensverwachting;Totaal;82,1;geen;19,9;geen
1883;Sittard-Geleen;Levensverwachting;Totaal;80,9;onder, 99% zeker;19,5;onder, 99% zeker
0610;Sliedrecht;Levensverwachting;Totaal;80,3;onder, 99% zeker;19,0;onder, 99% zeker
1714;Sluis;Levensverwachting;Totaal;82,2;geen;20,7;boven, 99% zeker
0090;Smallingerland;Levensverwachting;Totaal;81,9;geen;20,6;boven, 99% zeker
0342;Soest;Levensverwachting;Totaal;82,6;boven, 99% zeker;20,8;boven, 99% zeker
0847;Someren;Levensverwachting;Totaal;82,4;geen;20,6;boven, 95% zeker
0848;Son en Breugel;Levensverwachting;Totaal;83,8;boven, 99% zeker;21,6;boven, 99% zeker
0037;Stadskanaal;Levensverwachting;Totaal;80,4;onder, 99% zeker;19,1;onder, 99% zeker
0180;Staphorst;Levensverwachting;Totaal;81,6;geen;19,5;geen
0532;Stede Broec;Levensverwachting;Totaal;81,4;geen;19,5;onder, 95% zeker
0851;Steenbergen;Levensverwachting;Totaal;81,5;geen;19,3;onder, 99% zeker
1708;Steenwijkerland;Levensverwachting;Totaal;81,8;geen;20,0;geen
0971;Stein;Levensverwachting;Totaal;82,4;geen;20,6;boven, 99% zeker
1904;Stichtse Vecht;Levensverwachting;Totaal;82,3;boven, 95% zeker;20,4;boven, 99% zeker
1900;Súdwest-Fryslân;Levensverwachting;Totaal;81,7;geen;20,3;boven, 99% zeker
0715;Terneuzen;Levensverwachting;Totaal;81,6;geen;19,9;geen
0093;Terschelling;Levensverwachting;Totaal;83,1;geen;20,5;geen
0448;Texel;Levensverwachting;Totaal;80,9;geen;19,7;geen
1525;Teylingen;Levensverwachting;Totaal;83,5;boven, 99% zeker;20,7;boven, 99% zeker
0716;Tholen;Levensverwachting;Totaal;82,5;geen;20,6;boven, 95% zeker
0281;Tiel;Levensverwachting;Totaal;81,2;onder, 95% zeker;19,2;onder, 99% zeker
0855;Tilburg;Levensverwachting;Totaal;80,4;onder, 99% zeker;19,0;onder, 99% zeker
0183;Tubbergen;Levensverwachting;Totaal;82,4;geen;20,3;geen
1700;Twenterand;Levensverwachting;Totaal;80,5;onder, 99% zeker;19,0;onder, 99% zeker
1730;Tynaarlo;Levensverwachting;Totaal;81,8;geen;20,2;geen
0737;Tytsjerksteradiel;Levensverwachting;Totaal;81,9;geen;19,8;geen
0856;Uden;Levensverwachting;Totaal;82,2;geen;20,4;boven, 95% zeker
0450;Uitgeest;Levensverwachting;Totaal;83,7;boven, 99% zeker;21,8;boven, 99% zeker
0451;Uithoorn;Levensverwachting;Totaal;83,9;boven, 99% zeker;21,6;boven, 99% zeker
0184;Urk;Levensverwachting;Totaal;81,2;geen;19,1;onder, 95% zeker
0344;Utrecht;Levensverwachting;Totaal;81,4;onder, 99% zeker;19,5;onder, 99% zeker
1581;Utrechtse Heuvelrug;Levensverwachting;Totaal;82,5;boven, 99% zeker;20,6;boven, 99% zeker
0981;Vaals;Levensverwachting;Totaal;81,8;geen;20,2;geen
0994;Valkenburg aan de Geul;Levensverwachting;Totaal;81,3;geen;19,9;geen
0858;Valkenswaard;Levensverwachting;Totaal;82,1;geen;20,5;boven, 95% zeker
0047;Veendam;Levensverwachting;Totaal;80,1;onder, 99% zeker;19,0;onder, 99% zeker
0345;Veenendaal;Levensverwachting;Totaal;82,2;geen;20,5;boven, 99% zeker
0717;Veere;Levensverwachting;Totaal;82,9;boven, 99% zeker;20,9;boven, 99% zeker
0861;Veldhoven;Levensverwachting;Totaal;83,2;boven, 99% zeker;21,3;boven, 99% zeker
0453;Velsen;Levensverwachting;Totaal;82,0;geen;19,9;geen
0983;Venlo;Levensverwachting;Totaal;81,8;geen;20,4;boven, 99% zeker
0984;Venray;Levensverwachting;Totaal;82,6;boven, 95% zeker;21,3;boven, 99% zeker
1961;Vijfheerenlanden;Levensverwachting;Totaal;81,4;geen;19,4;onder, 99% zeker
0622;Vlaardingen;Levensverwachting;Totaal;80,9;onder, 99% zeker;19,9;geen
0096;Vlieland;Levensverwachting;Totaal;79,6;onder, 95% zeker;17,1;onder, 99% zeker
0718;Vlissingen;Levensverwachting;Totaal;80,6;onder, 99% zeker;19,7;geen
0986;Voerendaal;Levensverwachting;Totaal;84,0;boven, 99% zeker;21,6;boven, 99% zeker
0626;Voorschoten;Levensverwachting;Totaal;84,6;boven, 99% zeker;21,8;boven, 99% zeker
0285;Voorst;Levensverwachting;Totaal;82,4;geen;20,6;boven, 99% zeker
0865;Vught;Levensverwachting;Totaal;80,6;onder, 99% zeker;19,2;onder, 99% zeker
1949;Waadhoeke;Levensverwachting;Totaal;81,6;geen;19,9;geen
0866;Waalre;Levensverwachting;Totaal;84,2;boven, 99% zeker;22,3;boven, 99% zeker
0867;Waalwijk;Levensverwachting;Totaal;81,4;geen;19,9;geen
0627;Waddinxveen;Levensverwachting;Totaal;85,1;boven, 99% zeker;23,7;boven, 99% zeker
0289;Wageningen;Levensverwachting;Totaal;80,4;onder, 99% zeker;18,5;onder, 99% zeker
0629;Wassenaar;Levensverwachting;Totaal;83,3;boven, 99% zeker;20,8;boven, 99% zeker
0852;Waterland;Levensverwachting;Totaal;84,5;boven, 99% zeker;21,4;boven, 99% zeker
0988;Weert;Levensverwachting;Totaal;82,7;boven, 99% zeker;20,7;boven, 99% zeker
0457;Weesp;Levensverwachting;Totaal;81,6;geen;19,7;geen
1960;West Betuwe;Levensverwachting;Totaal;82,6;boven, 99% zeker;20,5;boven, 99% zeker
0668;West Maas en Waal;Levensverwachting;Totaal;82,2;geen;19,6;geen
1969;Westerkwartier;Levensverwachting;Totaal;82,1;geen;20,1;geen
1701;Westerveld;Levensverwachting;Totaal;82,0;geen;20,9;boven, 99% zeker
0293;Westervoort;Levensverwachting;Totaal;81,9;geen;19,8;geen
1950;Westerwolde;Levensverwachting;Totaal;80,7;onder, 95% zeker;19,6;geen
1783;Westland;Levensverwachting;Totaal;83,7;boven, 99% zeker;21,4;boven, 99% zeker
0098;Weststellingwerf;Levensverwachting;Totaal;82,0;geen;19,5;onder, 95% zeker
0614;Westvoorne;Levensverwachting;Totaal;83,1;boven, 95% zeker;21,1;boven, 99% zeker
0189;Wierden;Levensverwachting;Totaal;82,9;boven, 99% zeker;20,5;boven, 95% zeker
0296;Wijchen;Levensverwachting;Totaal;82,1;geen;20,2;geen
1696;Wijdemeren;Levensverwachting;Totaal;82,2;geen;19,9;geen
0352;Wijk bij Duurstede;Levensverwachting;Totaal;82,3;geen;20,5;geen
0294;Winterswijk;Levensverwachting;Totaal;81,8;geen;20,0;geen
0873;Woensdrecht;Levensverwachting;Totaal;82,7;boven, 95% zeker;20,7;boven, 99% zeker
0632;Woerden;Levensverwachting;Totaal;82,9;boven, 99% zeker;20,7;boven, 99% zeker
0880;Wormerland;Levensverwachting;Totaal;83,8;boven, 99% zeker;21,2;boven, 99% zeker
0351;Woudenberg;Levensverwachting;Totaal;81,9;geen;20,6;geen
0479;Zaanstad;Levensverwachting;Totaal;81,5;onder, 95% zeker;19,7;onder, 99% zeker
0297;Zaltbommel;Levensverwachting;Totaal;82,3;geen;20,6;boven, 95% zeker
0473;Zandvoort;Levensverwachting;Totaal;79,1;onder, 99% zeker;19,1;onder, 99% zeker
0050;Zeewolde;Levensverwachting;Totaal;85,4;boven, 99% zeker;23,1;boven, 99% zeker
0355;Zeist;Levensverwachting;Totaal;81,2;onder, 95% zeker;19,5;onder, 99% zeker
0299;Zevenaar;Levensverwachting;Totaal;81,7;geen;20,2;geen
0637;Zoetermeer;Levensverwachting;Totaal;82,9;boven, 99% zeker;20,9;boven, 99% zeker
0638;Zoeterwoude;Levensverwachting;Totaal;81,9;geen;20,9;boven, 95% zeker
1892;Zuidplas;Levensverwachting;Totaal;83,6;boven, 99% zeker;21,4;boven, 99% zeker
0879;Zundert;Levensverwachting;Totaal;80,6;onder, 95% zeker;19,8;geen
0301;Zutphen;Levensverwachting;Totaal;81,1;onder, 95% zeker;19,7;geen
1896;Zwartewaterland;Levensverwachting;Totaal;82,5;geen;20,1;geen
0642;Zwijndrecht;Levensverwachting;Totaal;82,0;geen;20,3;geen
0193;Zwolle;Levensverwachting;Totaal;81,7;geen;20,0;geen
